actual,pred_GradientBoosting_n500,pred_RandomForest_n500,pred_GradientBoosting_n300,pred_RandomForest_n300,pred_RandomForest_n100
0.3908629441624365,0.5772661335051023,0.5921333333333333,0.5847146910767818,0.5937185185185184,0.5902222222222223
0.4416243654822335,0.5852998812492741,0.5848444444444445,0.6339571235297878,0.5766814814814815,0.5776727272727273
0.4111675126903553,0.6011794919081004,0.5877866666666667,0.6377588386162379,0.5872148148148147,0.579218888888889
0.4467005076142132,0.5999941311346788,0.5864266666666667,0.6457167588310768,0.5909037037037036,0.5836188888888889
0.3147208121827411,0.5128819120457864,0.583991111111111,0.5647895150369712,0.5884148148148147,0.590828888888889
0.3350253807106599,0.5545349248457258,0.5797866666666668,0.5811952604401831,0.5796148148148148,0.5798666666666666
0.4771573604060913,0.6034624826381783,0.5903555555555555,0.5725311182911879,0.588562962962963,0.586714074074074
0.4213197969543147,0.6058049762193549,0.5881333333333333,0.5984297407934365,0.5865777777777778,0.5852638383838384
0.3908629441624365,0.5906373628209375,0.5866666666666667,0.5869112930015578,0.5929925925925925,0.5986543915343915
0.4974619289340101,0.558204352502689,0.5791111111111111,0.5181163030561698,0.5731703703703703,0.5730268013468014
0.350253807106599,0.565016713443929,0.5822044444444445,0.5958350017478773,0.5831703703703703,0.5847733333333334
0.3756345177664975,0.5924918419311715,0.5878755555555556,0.5743056632074522,0.5897185185185185,0.5847744444444445
0.3857868020304568,0.5954845019223782,0.5893777777777778,0.5940696540713656,0.5860740740740741,0.5768727272727273
0.3096446700507614,0.6065176909005889,0.5918488888888889,0.5789988179288336,0.5880740740740741,0.5814855555555556
0.2893401015228426,0.5591128657973075,0.590408888888889,0.607237386954594,0.5841777777777778,0.5785374074074074
0.2182741116751269,0.5744239189489116,0.5885511111111111,0.5523851313084387,0.5950814814814814,0.593615873015873
0.3756345177664975,0.5691910014325714,0.59208,0.5735009647421281,0.5921037037037037,0.5935338271604939
0.4010152284263959,0.5912839084473226,0.5903733333333334,0.5796731928832809,0.591674074074074,0.5910682186948854
0.2842639593908629,0.5533712037919781,0.5917688888888889,0.5480870065700494,0.5958518518518517,0.6005225396825397
0.365482233502538,0.5891736112767605,0.5929688888888889,0.5909961308652091,0.5925333333333334,0.5921225396825397
0.1979695431472081,0.5929214074409075,0.5851022222222223,0.5864469346739198,0.588874074074074,0.5838855555555555
0.3045685279187817,0.5795388118087859,0.5899111111111112,0.5974321344128621,0.5924444444444444,0.5866855555555556
0.3401015228426396,0.5948280001097604,0.5814844444444445,0.5759311987646318,0.5844444444444444,0.5810733333333333
0.3705583756345177,0.5868081276403767,0.5832088888888889,0.6093448584967275,0.589674074074074,0.5876777777777777
0.3350253807106599,0.6034954429609471,0.5762755555555555,0.6329018948801037,0.5777185185185185,0.5726687830687831
0.2436548223350254,0.5638822601930251,0.5806933333333333,0.5833814778089712,0.5759703703703704,0.5783288888888889
0.2385786802030456,0.6060167183327032,0.5875377777777777,0.6126993141680744,0.591674074074074,0.6001932478632478
0.2436548223350254,0.6291842461966484,0.5887822222222222,0.6071555407240442,0.5961629629629629,0.5961077777777778
0.350253807106599,0.613210170954965,0.590791111111111,0.5740213289142546,0.5937777777777777,0.5895111111111111
0.4111675126903553,0.5783070988223035,0.5863822222222222,0.5614419286197501,0.5887407407407407,0.5826222222222223
0.3147208121827411,0.6181054060138683,0.5846222222222223,0.6001314481975761,0.5822370370370371,0.5725288888888889
0.3045685279187817,0.60807281693918,0.58456,0.5849348291792277,0.5829333333333333,0.5739955555555556
0.3299492385786802,0.5921945134979429,0.5832622222222222,0.5710116081793516,0.5844444444444444,0.5800444444444445
0.4111675126903553,0.5958654906285019,0.5794044444444445,0.6086624016689457,0.5798814814814814,0.5747555555555556
0.299492385786802,0.5722843648066165,0.582728888888889,0.5866299699035683,0.5854666666666666,0.5784888888888889
0.4314720812182741,0.6002652165420906,0.5867822222222222,0.6082953620702314,0.5903259259259259,0.5862666666666667
0.3147208121827411,0.6192470841866132,0.5926400000000001,0.5884667525107606,0.5963851851851851,0.5900035087719298
0.1675126903553299,0.5868819028774823,0.5913066666666665,0.6133618174011836,0.5887259259259259,0.5775955555555555
0.4619289340101523,0.5980607149495526,0.5949333333333334,0.6108713356011879,0.5925925925925926,0.5917362962962963
0.4263959390862944,0.6123812537304243,0.5887377777777778,0.5591810181974799,0.584637037037037,0.5817379124579124
0.3705583756345177,0.6144888694051109,0.5853866666666667,0.5962842705310377,0.5846666666666667,0.5714633333333333
0.4060913705583756,0.5642310965375092,0.5868622222222223,0.5622660233472534,0.5880592592592592,0.5825511111111111
0.4314720812182741,0.5918869049526524,0.5911111111111111,0.6029674368679182,0.5949481481481481,0.591455873015873
0.3857868020304568,0.6097383752515726,0.5945866666666667,0.5865966293261601,0.5976740740740741,0.5919014285714286
0.4873096446700508,0.5871260033625577,0.5932977777777778,0.5918010472350085,0.5931407407407407,0.5869777777777778
0.3959390862944162,0.5770528392506131,0.5923644444444445,0.5946562490483109,0.5914222222222223,0.5805333333333333
0.2436548223350254,0.5667546876097951,0.5922755555555556,0.6036433870152181,0.5966518518518518,0.6015999999999999
0.3045685279187817,0.5656630180089983,0.5882488888888889,0.5814681873682322,0.5894962962962962,0.5872177777777778
0.416243654822335,0.5698534059087107,0.5883377777777777,0.5849838137653037,0.5890814814814814,0.5854844444444445
0.3959390862944162,0.5831516784497937,0.5957866666666667,0.6163174782965333,0.5955999999999999,0.5908444444444445
0.3401015228426396,0.5876213389054765,0.5923466666666667,0.5859525220839289,0.5931259259259258,0.588848484848485
0.3451776649746192,0.5710414715216843,0.58896,0.55887532887021,0.5917925925925925,0.5857966666666667
0.416243654822335,0.5968941006765637,0.5920977777777777,0.6031397210832298,0.596074074074074,0.5910666666666666
0.4974619289340101,0.6064717496414027,0.5962577777777778,0.5969544375634089,0.5986074074074074,0.5988888888888889
0.3857868020304568,0.5643231322687765,0.5895111111111112,0.5324351652558909,0.5918962962962964,0.5931111111111111
0.2944162436548223,0.6546329128614954,0.5922488888888889,0.5939128403120042,0.5966222222222223,0.5880855555555555
0.3553299492385787,0.6419116559649528,0.5958844444444445,0.6014742749871131,0.6036444444444444,0.5981111111111111
0.4923857868020304,0.6559781262690082,0.5975555555555556,0.6246803192086224,0.6013185185185185,0.5944855555555556
0.4416243654822335,0.6429031918822681,0.5938577777777778,0.5837829647991138,0.5989925925925925,0.5881299999999999
0.4213197969543147,0.6403888384407701,0.5962044444444444,0.5532510696495405,0.600474074074074,0.5953555555555555
0.4060913705583756,0.6318645525205528,0.5998044444444445,0.6172141214291813,0.5972888888888889,0.5872484848484849
0.5380710659898477,0.5776861543358462,0.5800533333333333,0.617560952584796,0.5800444444444445,0.5723117916002126
0.4619289340101523,0.5848974701487571,0.5906133333333333,0.5803430391584503,0.5886666666666667,0.5861733333333333
0.4365482233502538,0.6078595213081324,0.597368888888889,0.55916664096633,0.5998666666666665,0.6057744444444444
0.4365482233502538,0.6029637443283061,0.5881866666666666,0.6115902193733745,0.5904296296296295,0.5913616161616162
0.5076142131979695,0.5849973907076345,0.5804266666666668,0.6051076741442167,0.5837481481481481,0.5802666666666667
0.4365482233502538,0.6158706572537259,0.5876977777777778,0.623088510542356,0.5836740740740741,0.5792844444444445
0.4873096446700508,0.5928911001688104,0.5873066666666666,0.6101094105020475,0.5888,0.5777744444444445
0.4720812182741117,0.6308367431630577,0.5943733333333333,0.6103570412949957,0.594,0.5826177777777778
0.5177664974619289,0.6154940542626123,0.5981866666666666,0.630518583774722,0.6019259259259259,0.5934633333333333
0.482233502538071,0.6496760968286232,0.59048,0.6506376317297565,0.5884148148148147,0.5817733333333334
0.3401015228426396,0.572372816216225,0.5879555555555556,0.5784089439221127,0.590237037037037,0.5801733333333333
0.416243654822335,0.5660752315184494,0.5884533333333333,0.6145619675013607,0.5861481481481481,0.5807511111111111
0.4923857868020304,0.5766298891534347,0.5876355555555556,0.587466411819929,0.5842814814814815,0.5786622222222222
0.3604060913705584,0.6066618313010994,0.5961333333333334,0.5673306767290486,0.5941925925925926,0.5892855555555555
0.4619289340101523,0.5854072048344496,0.5898755555555556,0.5804607153554655,0.586,0.5894356902356902
0.4619289340101523,0.5893501372354724,0.5960533333333333,0.5721409447450474,0.5913333333333333,0.5880844444444445
0.5329949238578681,0.569069676231907,0.5907111111111111,0.596105941641958,0.5923259259259259,0.5887003174603175
0.6345177664974619,0.5758575023331906,0.5859911111111111,0.5903319399884267,0.5836148148148148,0.5897171717171718
0.5532994923857868,0.5782908950048892,0.5891200000000001,0.6201142097491339,0.5900592592592592,0.5825066666666667
0.416243654822335,0.5382933461556625,0.5870222222222222,0.5827222685490125,0.5823703703703703,0.5778855555555555
0.4568527918781725,0.5636574590754142,0.5947022222222222,0.5836393389999076,0.5942074074074073,0.5977493827160494
0.482233502538071,0.5313645023009641,0.5804266666666668,0.533920122748637,0.5842518518518518,0.5891511111111112
0.5126903553299492,0.6159950604259353,0.59192,0.6104239722593368,0.593037037037037,0.5925393939393939
0.416243654822335,0.596547270170243,0.5842666666666667,0.6284057372589551,0.5772592592592592,0.5800416161616162
0.4365482233502538,0.5939066521959634,0.5918222222222221,0.6199960464808794,0.5889185185185184,0.5820844444444444
0.4568527918781725,0.6040377273608254,0.5876,0.6137071349758636,0.5872296296296297,0.5845838383838384
0.5177664974619289,0.605339438065975,0.5972355555555555,0.6199164124547247,0.5936592592592592,0.5895522222222223
0.6192893401015228,0.6191710714102124,0.60368,0.6009474656423106,0.6032888888888889,0.6052163492063491
0.5177664974619289,0.6033040131359289,0.5918666666666668,0.6203128113837477,0.5925925925925926,0.5858633333333334
0.5076142131979695,0.5943094177020543,0.5966844444444445,0.6215865906908173,0.5961481481481481,0.5912855555555555
0.5736040609137056,0.5834652706057633,0.5969244444444445,0.5580291822507496,0.6008888888888888,0.6104430335097002
0.5583756345177665,0.5659578600268268,0.587288888888889,0.6341522292390949,0.5852888888888889,0.5841616161616162
0.4923857868020304,0.5419313667286778,0.5993155555555556,0.600057008102401,0.5966074074074075,0.599288888888889
0.4771573604060913,0.5767789832085564,0.5951911111111111,0.5687572857991575,0.5893925925925926,0.5920177777777779
0.4517766497461929,0.5955313281209402,0.5910133333333334,0.5937004106793965,0.590637037037037,0.5877333333333334
0.5279187817258884,0.5609986269826643,0.5863111111111111,0.6173501294618999,0.5850074074074073,0.5835448148148148
0.6598984771573604,0.5638916911393389,0.5900622222222223,0.6343264676823305,0.588548148148148,0.5806855555555556
0.6598984771573604,0.571195789861081,0.5857777777777778,0.6275980024798045,0.5880296296296296,0.5801522222222223
0.583756345177665,0.5501950545362861,0.5845511111111111,0.5790468321041289,0.5895703703703703,0.5903222222222222
0.3857868020304568,0.5821931736505511,0.5962844444444444,0.6304885061521301,0.5966370370370371,0.594255873015873
0.5989847715736041,0.5933750542016457,0.5872622222222222,0.6274572936336885,0.5841037037037037,0.5786177777777778
0.416243654822335,0.5673204635301858,0.5863733333333334,0.5981508365454312,0.5876444444444444,0.5838622222222223
0.4771573604060913,0.5591126448489205,0.5806044444444445,0.6154094145575413,0.579911111111111,0.5759733333333333
0.4263959390862944,0.5947466888434837,0.5873422222222222,0.6207597160091766,0.5879407407407407,0.5832633333333334
0.6903553299492385,0.5687337686067216,0.5865333333333334,0.588864049343252,0.5866666666666667,0.5842400000000001
0.5939086294416244,0.551811395638669,0.5890755555555556,0.6097342003716609,0.5895555555555555,0.5856
0.5126903553299492,0.5625206615972934,0.5902666666666667,0.6197295861985037,0.5873777777777778,0.5848622222222223
0.482233502538071,0.5742638540196098,0.5860000000000001,0.5995820499430711,0.5839703703703704,0.5799733333333333
0.5939086294416244,0.5494856416568881,0.5818400000000001,0.5830644922694795,0.5842222222222222,0.5801066666666667
0.5482233502538071,0.5610343561464166,0.5892533333333334,0.6305859565271882,0.5892740740740741,0.5868177777777778
0.467005076142132,0.5578388375883925,0.5936,0.618880830915297,0.5891259259259259,0.5865066666666667
0.3908629441624365,0.5666443435333587,0.579528888888889,0.5965169944772645,0.5841185185185185,0.5802844444444445
0.5888324873096447,0.5540044695088774,0.5802755555555557,0.582507582409891,0.5800296296296297,0.5807555555555556
0.4720812182741117,0.5734991316599781,0.5856622222222222,0.5365674355633878,0.5879851851851852,0.5876844444444445
0.482233502538071,0.5821172859744072,0.580968888888889,0.5865977779621069,0.5804740740740741,0.5806505050505051
0.5786802030456852,0.5877399610415645,0.5906133333333333,0.582039852611582,0.5906370370370371,0.5920792063492064
0.5279187817258884,0.5877807618897566,0.5909777777777778,0.5780057875409297,0.5963259259259259,0.5941047619047619
0.467005076142132,0.5565913822059385,0.5877422222222223,0.5313484553760054,0.5885333333333332,0.5868622222222222
0.4060913705583756,0.5787782958247907,0.5966488888888889,0.5897529802395596,0.590474074074074,0.5910569841269842
0.4111675126903553,0.6085958049265777,0.5870933333333332,0.5711468392245365,0.5884888888888888,0.5846444444444444
0.5939086294416244,0.618623550636543,0.5939022222222222,0.5846907175120681,0.5969185185185185,0.5896040404040404
0.4619289340101523,0.6183368536866342,0.5895111111111112,0.5895967844332435,0.5938370370370369,0.5872411111111111
0.3604060913705584,0.5713872879441592,0.5860533333333333,0.5728402510005927,0.5834814814814815,0.5816683760683761
0.4517766497461929,0.5937509942806072,0.5916266666666667,0.6221326914561693,0.5924148148148148,0.5822222222222222
0.4619289340101523,0.5326523899746491,0.5713866666666666,0.5681235683139445,0.5691259259259258,0.5601777777777778
0.467005076142132,0.618692484282871,0.5894933333333333,0.5834658012607805,0.5922962962962963,0.5855744444444444
0.4213197969543147,0.6047421429940663,0.5872533333333333,0.5539884931728265,0.5902074074074074,0.583444619883041
0.5583756345177665,0.6226662664153442,0.5994488888888889,0.6007622634410897,0.6025777777777778,0.5914479532163742
0.5939086294416244,0.6039337954484899,0.5892622222222221,0.5887030550782395,0.5869333333333332,0.5794222222222223
0.5736040609137056,0.5869132669405652,0.583608888888889,0.607662338647792,0.5812,0.5731955555555556
0.365482233502538,0.5939362080973167,0.5888800000000001,0.6125076851567723,0.5940888888888889,0.5851744444444444
0.583756345177665,0.55372945690773,0.5788266666666667,0.5930703822083778,0.5772444444444444,0.5662411111111111
0.5532994923857868,0.5672105220976711,0.5927288888888889,0.5465069071976986,0.5922074074074073,0.5868177777777779
0.4568527918781725,0.5939525327028188,0.5965333333333332,0.5906773752805773,0.6038074074074073,0.6003003174603174
0.5736040609137056,0.5671150626331154,0.5938755555555556,0.5882292238332281,0.5921185185185185,0.5926474074074074
0.4568527918781725,0.5684048019649912,0.5885244444444445,0.6210522095881028,0.5873925925925926,0.5802177777777778
0.5583756345177665,0.6234297630421185,0.59616,0.5946741901043757,0.5969185185185185,0.5853077777777778
0.5076142131979695,0.5749127371067259,0.5908444444444445,0.6110151346886925,0.5912592592592593,0.5817333333333333
0.5736040609137056,0.594375940997208,0.5904355555555556,0.588567544841176,0.5834074074074074,0.58453
0.4771573604060913,0.5709710585876465,0.5904355555555555,0.6054004110342699,0.5840148148148148,0.5841971717171718
0.4923857868020304,0.5788270018590966,0.5886311111111111,0.5940792603704357,0.5850222222222222,0.5810177777777779
0.482233502538071,0.5846518880056463,0.5859555555555556,0.6094271344974805,0.5858074074074073,0.5817511111111111
0.4111675126903553,0.5762153995642773,0.5879200000000001,0.5896596127938264,0.5873037037037037,0.5825616161616163
0.5482233502538071,0.5658782706756113,0.59304,0.5764724317711207,0.5874962962962963,0.5872855555555556
0.4720812182741117,0.5681835396654673,0.5855644444444444,0.5864673024512699,0.5790518518518519,0.5735511111111111
0.5025380710659898,0.5479453660988813,0.5893155555555556,0.6134469054135732,0.5851259259259259,0.5726124098124098
0.4263959390862944,0.5519869872705218,0.5859377777777778,0.6151593006458151,0.5859259259259259,0.5793522222222223
0.3705583756345177,0.57971452749444,0.5863466666666667,0.6031811927820044,0.5898666666666667,0.5873066666666668
0.3604060913705584,0.5528062370078467,0.58552,0.5564452785994238,0.5916148148148148,0.5950222222222222
0.416243654822335,0.5362128767785457,0.5863022222222223,0.5863468214808224,0.5859703703703704,0.5840444444444445
0.4060913705583756,0.5525183694047765,0.5784266666666666,0.5847088040230188,0.5750666666666666,0.5731555555555555
0.5228426395939086,0.5544746969063863,0.5749866666666668,0.5853578415901987,0.572637037037037,0.5683733333333333
0.4213197969543147,0.6179250791938876,0.5857688888888889,0.554530326126567,0.579437037037037,0.5742544444444444
0.5736040609137056,0.5383971904943867,0.5855733333333334,0.5393163644403424,0.5833185185185185,0.5905892063492064
0.5126903553299492,0.5560584000029993,0.5876711111111111,0.6019157432649166,0.5825777777777777,0.5748177777777778
0.4365482233502538,0.5657875090234741,0.58416,0.6110728709284707,0.5846666666666667,0.584728888888889
0.4873096446700508,0.5681580560360064,0.5845333333333333,0.5766261477318222,0.5875111111111111,0.5933892063492063
0.4213197969543147,0.5547378193044239,0.5845422222222223,0.528238055176511,0.5859851851851852,0.5866855555555556
0.467005076142132,0.5552615661714391,0.5841066666666667,0.5745807988929142,0.5827259259259259,0.5813511111111112
0.3959390862944162,0.5811496819722628,0.5876622222222222,0.6114869638598421,0.5860148148148148,0.5809966666666667
0.4365482233502538,0.5606354140062979,0.5827644444444444,0.6192200102076701,0.5844592592592592,0.57753
0.4517766497461929,0.5569196056115224,0.5822311111111111,0.5403987344755813,0.5804395061728396,0.5784114285714286
0.4873096446700508,0.5427239736557182,0.5685688888888889,0.5675203617642018,0.5617807407407407,0.5590844444444444
0.4923857868020304,0.5708789722429182,0.5819466666666667,0.5687938809337085,0.5754370370370371,0.5681921367521368
0.482233502538071,0.5728606710185198,0.5834222222222223,0.5804850954633383,0.5893333333333333,0.5892025396825398
0.583756345177665,0.5973597538124682,0.5918133333333334,0.5942142436416109,0.5876148148148148,0.5830707070707071
0.5329949238578681,0.5907692957006543,0.585768888888889,0.5882041207809661,0.5885037037037038,0.5823333333333334
0.6142131979695431,0.6106655121836669,0.5877244444444445,0.6090188051383996,0.5894222222222222,0.5845966666666668
0.6446700507614214,0.6086285198971825,0.5897155555555555,0.5955669278863259,0.5900444444444444,0.5830411111111111
0.5532994923857868,0.5722340785583754,0.5872977777777778,0.6108797696515378,0.5881777777777777,0.5850844444444445
0.5939086294416244,0.5436559834697832,0.5820622222222223,0.5673511171911474,0.5761185185185185,0.5784177777777778
0.5888324873096447,0.586001409210991,0.5896355555555556,0.5720391662318212,0.5938074074074073,0.5942855555555556
0.467005076142132,0.5729639771435241,0.5846933333333334,0.5770090960302581,0.5868888888888889,0.5845903174603175
0.6446700507614214,0.6347627348159255,0.5918222222222222,0.6051654237672209,0.5952444444444445,0.593215873015873
0.5126903553299492,0.5860605765962922,0.5816,0.5928185142221666,0.5849925925925926,0.5753522222222223
0.4720812182741117,0.5904322304997325,0.5875022222222223,0.5846759038676006,0.5896888888888888,0.5843288888888889
0.5126903553299492,0.6295290886203444,0.5886933333333334,0.6174790540218689,0.5919851851851852,0.5812668421052631
0.4060913705583756,0.544537735278,0.5880711111111111,0.5479986471956367,0.588562962962963,0.5893225396825397
0.4923857868020304,0.5918140242289076,0.5883200000000001,0.5890090956044132,0.5868888888888889,0.57573
0.5736040609137056,0.5865041012651685,0.5964533333333334,0.5987305946284354,0.5959703703703704,0.5891555555555555
0.5279187817258884,0.5970330545564043,0.5811644444444444,0.5992427952783466,0.5776592592592593,0.5757171717171717
0.6040609137055838,0.5787991933940613,0.5851022222222222,0.5833282766545904,0.582162962962963,0.5709733333333333
0.5583756345177665,0.5741588389750115,0.5823288888888889,0.5753071570334984,0.583925925925926,0.5768888888888889
0.4060913705583756,0.5925608146182195,0.5883822222222223,0.5953645734192545,0.5856592592592592,0.5842400000000001
0.4467005076142132,0.6234436869773495,0.5946666666666668,0.6226563231131136,0.5957333333333333,0.5887522222222222
0.467005076142132,0.6261112022090961,0.5884533333333334,0.6305045455260371,0.5942074074074074,0.5862411111111111
0.5482233502538071,0.5751534927450025,0.58216,0.6330989040119491,0.586074074074074,0.5781966666666667
0.5126903553299492,0.5935749999950839,0.5876800000000001,0.5972217863853666,0.5905481481481482,0.5844188888888889
0.4314720812182741,0.6255386040754755,0.6073333333333334,0.6531908877901552,0.6056592592592592,0.6161777777777777
0.4314720812182741,0.5895961505050966,0.5841866666666667,0.5610268959512632,0.5855407407407407,0.5817966666666666
0.3857868020304568,0.5925989361241855,0.5852088888888889,0.6223724419738415,0.5865333333333332,0.5827300000000001
0.3908629441624365,0.5807334106242251,0.5800266666666668,0.6200512759693008,0.5847703703703703,0.5825777777777777
0.5329949238578681,0.5843084398911651,0.5898222222222224,0.6012113968439193,0.5926222222222222,0.5912633333333334
0.4213197969543147,0.5927372276400362,0.5856177777777778,0.6066919066804541,0.5885037037037036,0.5885077777777777
0.5939086294416244,0.6271445471903375,0.5916355555555556,0.6350520570316879,0.5909333333333333,0.5797779532163743
0.6598984771573604,0.5443831423690171,0.5855733333333334,0.5810725167724278,0.5915407407407407,0.5952888888888889
0.4720812182741117,0.5563064899028569,0.5818400000000001,0.5537634412522988,0.5832592592592593,0.5832888888888889
0.4619289340101523,0.5844839765359013,0.5853866666666667,0.5551953818887273,0.5904592592592592,0.5855111111111111
0.5126903553299492,0.5631139617522389,0.5892711111111112,0.5510184660035758,0.5878074074074073,0.5869077777777778
0.4111675126903553,0.5952110939078334,0.588168888888889,0.540724473494645,0.5900592592592593,0.5847966666666667
0.5076142131979695,0.5507172578111869,0.5874044444444445,0.6081525560268299,0.5885925925925926,0.5822400000000001
0.5025380710659898,0.5972727992398503,0.5891555555555555,0.6021304084349872,0.5864592592592592,0.5817066666666667
0.4923857868020304,0.6141433829060403,0.5909244444444445,0.598379342953228,0.5932296296296296,0.5876188888888889
0.4974619289340101,0.5809832668691064,0.5872977777777779,0.5999073573889153,0.5916148148148148,0.58864
0.5888324873096447,0.5925904206547998,0.5994488888888889,0.6157171134362934,0.605762962962963,0.6044904232804232
0.583756345177665,0.5864174435922269,0.5934133333333335,0.5568838470724792,0.5995259259259259,0.6004222222222222
0.5025380710659898,0.6058971113027521,0.5916444444444444,0.5950978152660169,0.5957037037037037,0.5886888888888889
0.6091370558375635,0.6243610231454474,0.5990222222222223,0.5589358647484075,0.608162962962963,0.6124444444444445
0.4771573604060913,0.6403219133079351,0.6044266666666666,0.5339867107033919,0.6054222222222221,0.6062634920634921
0.5177664974619289,0.5987946768019317,0.59144,0.5628831927644414,0.5983259259259259,0.6019522222222222
0.5685279187817259,0.6283829798705665,0.5984977777777778,0.5796413265683357,0.6007111111111111,0.5993733333333333
0.5786802030456852,0.581722320967187,0.5856177777777778,0.5668489417216305,0.5894222222222222,0.5853333333333334
0.5532994923857868,0.614089009689325,0.5938666666666667,0.5692170255879345,0.5995259259259259,0.5925744444444444
0.6040609137055838,0.6144155493690363,0.59864,0.5989946374379014,0.5975259259259259,0.6005936507936508
0.4619289340101523,0.6212031624404065,0.6018488888888889,0.6111842351837993,0.6052148148148148,0.6054188888888888
0.3908629441624365,0.6566320606678844,0.6028888888888888,0.6416374737387578,0.6043703703703703,0.6004855555555555
0.4111675126903553,0.6271020886500941,0.5896444444444444,0.6516293399944907,0.5888,0.589213468013468
0.482233502538071,0.5978687226262902,0.5946044444444445,0.609433202854518,0.5951407407407407,0.5856222222222223
0.5532994923857868,0.5753269252771454,0.5943911111111111,0.5955489058618912,0.5945925925925926,0.5896633333333334
0.5025380710659898,0.5861029136814468,0.5889866666666667,0.6253963514307429,0.5904592592592592,0.5841966666666667
0.4873096446700508,0.5790463172406912,0.5926311111111111,0.6107514966610663,0.5923407407407407,0.5877818181818182
0.5685279187817259,0.5534049171599744,0.5825955555555556,0.6136331522234342,0.5852888888888889,0.5766666666666667
0.5076142131979695,0.5917785141976786,0.5930133333333334,0.61186478369415,0.5971851851851852,0.6014855555555556
0.482233502538071,0.5420969065285832,0.5900977777777778,0.5826953413819147,0.5915555555555555,0.592545873015873
0.5888324873096447,0.590381620971818,0.5891111111111111,0.5934293186918291,0.5895703703703703,0.5830222222222223
0.5989847715736041,0.5684826754209064,0.5893066666666666,0.5851095702837416,0.5915407407407407,0.5921777777777778
0.4314720812182741,0.6055507074740863,0.5906044444444444,0.6165673709356831,0.5889037037037037,0.5808
0.5431472081218274,0.6072373277670899,0.5929777777777778,0.5585940604841902,0.5963111111111111,0.5959141269841269
0.5177664974619289,0.5727825119100901,0.5897244444444445,0.5632996401770745,0.5946518518518519,0.5942603174603175
0.6243654822335025,0.576600094961078,0.5884266666666668,0.5884262750893628,0.590562962962963,0.5875111111111111
0.5888324873096447,0.557934183104094,0.5921422222222222,0.5812676791861534,0.5935259259259259,0.5856888888888889
0.6243654822335025,0.6119024277700567,0.5955822222222222,0.6015085931577546,0.5961185185185185,0.5885777777777779
0.5329949238578681,0.5965137560834303,0.5891911111111111,0.5770672268716674,0.5907259259259259,0.5874855555555556
0.5786802030456852,0.5770692671158791,0.5907733333333334,0.556735407066546,0.5900888888888888,0.5862222222222222
0.482233502538071,0.5562851449021903,0.5869511111111112,0.5737956444800512,0.5938814814814815,0.5940888888888889
0.4568527918781725,0.5480827056864639,0.5883111111111112,0.5703741898626726,0.594237037037037,0.5940633333333334
0.5279187817258884,0.5662342462981318,0.5844,0.6239144542588432,0.583925925925926,0.5783986531986532
0.6395939086294417,0.5800735912087581,0.5857777777777778,0.6153235085523037,0.5859555555555556,0.5765616161616162
0.467005076142132,0.5839184989976187,0.6032266666666668,0.6092955341864323,0.600237037037037,0.5997522222222222
0.4416243654822335,0.5734766548930571,0.5922666666666666,0.5672252647459446,0.5906814814814814,0.58553
0.4416243654822335,0.5737291137697275,0.5867377777777778,0.6358702467257692,0.5849629629629629,0.5805616161616162
0.4568527918781725,0.5844361066345665,0.5875644444444444,0.6390962501265804,0.5881777777777777,0.5845616161616163
0.4365482233502538,0.617650784914448,0.5875022222222223,0.636291358079681,0.5896,0.5842505050505051
0.6751269035532995,0.572766599032334,0.5915644444444443,0.6136877294575953,0.5925333333333332,0.5875300000000001
0.5279187817258884,0.5966016512850538,0.5956177777777778,0.6372674442933153,0.5901185185185185,0.5945838383838384
0.4568527918781725,0.6133588626519593,0.5952799999999999,0.6547474925819685,0.5948296296296296,0.5879511111111111
0.5177664974619289,0.5877182515923727,0.5972977777777777,0.6047684787988541,0.5925333333333334,0.5818622222222223
0.5076142131979695,0.596684553367486,0.5928177777777778,0.6063504708541204,0.5938666666666667,0.5840844444444444
0.5177664974619289,0.6364502599368141,0.5937333333333334,0.6254885548763099,0.5925777777777778,0.5922282828282828
0.5431472081218274,0.6182727596372581,0.5914844444444445,0.6178082555071183,0.5878222222222222,0.5843955555555556
0.4111675126903553,0.6314075823169505,0.6027822222222223,0.6382369554219889,0.6009629629629629,0.5930666666666666
0.5431472081218274,0.5777962291985637,0.5805511111111111,0.5943508145201367,0.5762666666666667,0.575603520923521
0.5025380710659898,0.6027385287243019,0.5871377777777779,0.5949538113044142,0.5908444444444444,0.5831522222222223
0.583756345177665,0.6361660214754769,0.5938222222222223,0.5828678864655656,0.5954518518518518,0.5886633333333333
0.3350253807106599,0.5738011483971766,0.5838488888888889,0.6247283092499252,0.578637037037037,0.5699986531986532
0.3299492385786802,0.5914020201269221,0.5761422222222222,0.5959118372892509,0.5700148148148148,0.5673616161616162
0.3045685279187817,0.561844179549614,0.5895555555555556,0.6187763068426143,0.5829777777777778,0.5831130158730159
0.2690355329949238,0.5893899873623254,0.5866044444444445,0.6229673200511023,0.5835407407407407,0.5770177777777777
0.3451776649746192,0.6261667053434896,0.5878666666666666,0.6182406259529459,0.5865037037037037,0.5790622222222223
0.3756345177664975,0.6148236800836167,0.5945600000000001,0.6017869334970692,0.5926814814814814,0.5852727272727273
0.4060913705583756,0.5879983554405972,0.5886311111111112,0.5463487852448807,0.587911111111111,0.5860918518518519
0.3959390862944162,0.6192505412502642,0.5874755555555556,0.6628615731139068,0.5882518518518518,0.5805077777777778
0.365482233502538,0.5811316333098988,0.587128888888889,0.6231235178007406,0.5902518518518518,0.5834411111111112
0.350253807106599,0.6176027104429657,0.58904,0.6014046170029822,0.5917777777777777,0.5831966666666667
0.2538071065989847,0.6263810127773253,0.5844355555555556,0.6050752896166113,0.5877925925925925,0.5801522222222223
0.3197969543147208,0.61667159175031,0.5864622222222222,0.5548308567827563,0.5872296296296297,0.5842177777777778
0.3401015228426396,0.6163195240445347,0.5915377777777778,0.6273554445897198,0.5861037037037037,0.5813733333333333
0.4314720812182741,0.5805155626047789,0.590657777777778,0.62580347903122,0.5868592592592592,0.589139393939394
0.4060913705583756,0.5995177326555778,0.5866311111111112,0.5965636880484158,0.5856592592592592,0.583050505050505
0.3045685279187817,0.6136221383723859,0.5833600000000001,0.5851249192760828,0.5804,0.5759555555555556
0.2588832487309644,0.6118670866845712,0.5863022222222223,0.6539426750969994,0.5847703703703703,0.5818060606060607
0.3604060913705584,0.625167397718072,0.5906666666666668,0.634273001797292,0.5931555555555555,0.5974060606060606
0.3553299492385787,0.5839468065455387,0.5783555555555556,0.6365597181609848,0.5767851851851852,0.576728888888889
0.2944162436548223,0.5852631276457916,0.5805511111111111,0.5888245530091418,0.581674074074074,0.584165
0.3451776649746192,0.5470241377070905,0.5792711111111112,0.523186091034093,0.584548148148148,0.5861472222222223
0.3756345177664975,0.5332072954474611,0.5799644444444445,0.5739702761443752,0.5725333333333333,0.5653066666666666
0.4263959390862944,0.5911918076266299,0.5824622222222222,0.660123608262983,0.5804592592592592,0.5744727272727272
0.3756345177664975,0.5989689519440209,0.5827200000000001,0.6064811867515065,0.5842962962962962,0.5788177777777779
0.3908629441624365,0.6002717304024247,0.585288888888889,0.6031223982328222,0.5866814814814815,0.5846844444444445
0.3197969543147208,0.572545360575133,0.5910311111111112,0.5954470089226972,0.5907259259259259,0.5877066666666667
0.4416243654822335,0.5928546194177948,0.5902577777777778,0.6301417809422943,0.5878074074074073,0.5815966666666667
0.4314720812182741,0.6803589667385403,0.5971644444444444,0.6683712413169867,0.595925925925926,0.590013468013468
0.4619289340101523,0.5620465162358762,0.5864977777777778,0.6079789132393855,0.5840148148148148,0.5888026655443322
0.3197969543147208,0.5700891725792998,0.5871999999999999,0.5989132005385971,0.5844444444444444,0.5813511111111112
0.3197969543147208,0.5650311933836125,0.5764355555555556,0.6230178148266059,0.5800592592592593,0.5763111111111111
0.3350253807106599,0.598934100710404,0.5897866666666667,0.6179390474394069,0.5893629629629629,0.5839300000000001
0.3553299492385787,0.535882187882,0.5874133333333333,0.5939286703478515,0.5896592592592592,0.592813888888889
0.3197969543147208,0.5661836869779766,0.5804444444444445,0.5978013543065854,0.5820888888888889,0.5741777777777778
0.4111675126903553,0.5631681624369363,0.5790577777777779,0.5778388264796821,0.580725925925926,0.5800200793650794
0.4263959390862944,0.5973392034202261,0.5891733333333334,0.5744217622582259,0.5912444444444445,0.5874666666666667
0.3959390862944162,0.5602039811757347,0.5822666666666667,0.6050683532398025,0.5808592592592592,0.5674411111111111
0.4010152284263959,0.5694820710954954,0.5861511111111112,0.608593627569706,0.5873037037037037,0.5844708730158731
0.3705583756345177,0.5729706635015099,0.5818844444444444,0.5608841626660277,0.5841333333333333,0.5833111111111111
0.3807106598984771,0.5822672926164212,0.5821422222222222,0.5741270679704914,0.584576430976431,0.5868777777777778
0.3299492385786802,0.6162354136812798,0.591528888888889,0.6360460139851686,0.5934074074074074,0.5991111111111111
0.3908629441624365,0.6047967777264007,0.599457777777778,0.6762242668601931,0.5985777777777777,0.6043062962962962
0.3908629441624365,0.6007342805025836,0.5970844444444446,0.6254516440668904,0.5963407407407407,0.6031851851851852
0.3299492385786802,0.6453806416592432,0.5997511111111112,0.6219513505226832,0.595037037037037,0.5907968253968254
0.3299492385786802,0.6228976342215489,0.5995911111111113,0.5986245228718649,0.6000266666666666,0.6074685275519423
0.3705583756345177,0.5871080755820713,0.5891822222222224,0.5975855485384797,0.5931259259259258,0.5874923976608187
0.3807106598984771,0.5784414282018311,0.5798488888888889,0.5936087195142457,0.5734074074074074,0.5820282828282828
0.3604060913705584,0.5559905029674097,0.5849422222222223,0.5691098591099385,0.5886518518518519,0.5906633333333333
0.3553299492385787,0.5918069652169501,0.584471111111111,0.5854274546722783,0.5869037037037037,0.5854952380952381
0.4314720812182741,0.6084837816676371,0.5868177777777778,0.6214569995683551,0.5873333333333333,0.5849427777777778
0.3350253807106599,0.6226770909669611,0.5885688888888889,0.6275873869680744,0.5861037037037037,0.5805288888888889
0.3096446700507614,0.6332556106663997,0.5863200000000001,0.6157104118264313,0.5830222222222221,0.5795522222222222
0.3401015228426396,0.6488934625516172,0.6063288888888889,0.6228510523728734,0.601037037037037,0.5928330158730158
0.2791878172588832,0.6017964680999651,0.5942133333333334,0.6201472284248788,0.5961629629629629,0.5964585714285714
0.3857868020304568,0.5500931391412712,0.5859111111111112,0.5443540113599877,0.5880740740740741,0.587262962962963
0.2385786802030456,0.6073042932536664,0.5879466666666667,0.6160993959383573,0.5886814814814814,0.5897361111111111
0.2690355329949238,0.5833236356384414,0.5864444444444445,0.5947131559335083,0.5865925925925926,0.5788777777777778
0.2690355329949238,0.5759104562229737,0.596,0.612465581977306,0.5967111111111111,0.5942952380952381
0.350253807106599,0.5932404863102555,0.5918755555555556,0.6046453037199456,0.5922962962962963,0.5902888888888889
0.2436548223350254,0.6177083208866745,0.5953333333333334,0.6860391079590731,0.5988444444444444,0.5986952380952382
0.3350253807106599,0.6052759064507934,0.5962666666666667,0.6178274222649984,0.5998962962962963,0.6020030158730159
0.2588832487309644,0.5898469165256358,0.5882488888888889,0.5867891596639181,0.5803851851851851,0.5662666666666667
0.2588832487309644,0.5760599665441516,0.5938755555555556,0.6063763416959171,0.5912,0.5868027777777778
0.2588832487309644,0.554765628238033,0.5811466666666667,0.6137553407698761,0.5795851851851851,0.5749955555555556
0.4263959390862944,0.5910290184885338,0.5841066666666668,0.625316069818967,0.5816296296296296,0.5810555555555555
0.3857868020304568,0.6046390379288819,0.5820355555555556,0.6477171466921777,0.5823851851851851,0.5783444444444444
0.3857868020304568,0.5710983557736563,0.5831733333333333,0.5900074551759839,0.5825185185185184,0.5783622222222222
0.3248730964467005,0.5802468510546316,0.5869155555555556,0.5974047432985311,0.5868592592592592,0.588865
0.4873096446700508,0.6142128313608939,0.5909955555555555,0.5868096214666019,0.5977481481481481,0.6004633333333333
0.3147208121827411,0.6426424417723934,0.5956533333333334,0.5919592963306093,0.5979259259259259,0.5938666666666667
0.3299492385786802,0.6039530910429897,0.5870133333333334,0.625724489406416,0.5833185185185185,0.5786177777777778
0.365482233502538,0.5711087610601254,0.5768355555555557,0.6211275597301609,0.5784444444444444,0.5760177777777779
0.3451776649746192,0.5574078761551339,0.5791733333333334,0.6174609854277886,0.5818666666666666,0.5826666666666667
0.3857868020304568,0.5633339018343599,0.5807555555555557,0.5727194702133845,0.5849037037037036,0.5784
0.4213197969543147,0.5702381517265612,0.5893066666666668,0.6191215218699582,0.5889333333333333,0.5859111111111112
0.2842639593908629,0.5787540205321198,0.5804888888888889,0.5820953890934939,0.5797037037037037,0.5715111111111111
0.4263959390862944,0.5383614342082994,0.5763733333333334,0.594867062203035,0.5702074074074074,0.5612444444444444
0.3553299492385787,0.5552994417474197,0.5837600000000001,0.6014495982890277,0.5773777777777778,0.5698666666666666
0.299492385786802,0.5915824659291279,0.5801155555555556,0.5498523975444322,0.5765037037037037,0.5677333333333333
0.5482233502538071,0.5557909746909634,0.5731555555555556,0.46151108749563424,0.573762962962963,0.5741333333333334
0.3451776649746192,0.5811307382557079,0.5759644444444445,0.6057967075077765,0.579362962962963,0.5748444444444445
0.2436548223350254,0.5993166127252432,0.5774933333333333,0.6358803763573045,0.5736296296296296,0.5670666666666667
0.2690355329949238,0.6173344315399502,0.5790222222222222,0.6054151274836823,0.5809444444444444,0.5754729629629629
0.248730964467005,0.5895499709771024,0.5731555555555555,0.5877299203465898,0.5733985185185185,0.5760694444444444
0.3553299492385787,0.6142112763123869,0.5776177777777778,0.6267891175601275,0.5766962962962963,0.5680883333333333
0.0609137055837563,0.575817459312923,0.58072,0.6485124513270901,0.5778666666666666,0.5685077777777778
0.3350253807106599,0.6288891722205338,0.5851822222222223,0.6736021181604355,0.5857481481481481,0.5827111111111112
0.3096446700507614,0.5927724422600176,0.5694755555555555,0.5796256391913616,0.5704444444444444,0.5694666666666667
0.2538071065989847,0.5769865160345142,0.5752888888888888,0.6279244369920404,0.5756888888888888,0.5747733333333334
0.4060913705583756,0.5502638047791596,0.5767555555555556,0.6163681296114356,0.5767259259259259,0.5764
0.2893401015228426,0.6135949950210483,0.5848622222222223,0.6753798743083643,0.5817037037037036,0.5793777777777778
0.4365482233502538,0.5903285843378705,0.5835822222222222,0.659134666138153,0.5780888888888889,0.5681066666666666
0.5076142131979695,0.6023538476258874,0.5814755555555556,0.6596306251589009,0.5788592592592592,0.5788444444444445
0.3756345177664975,0.5952169190095542,0.5777511111111111,0.664684952886029,0.573837037037037,0.5742844444444445
0.365482233502538,0.593543881588617,0.5829422222222223,0.6543681888860744,0.5805037037037036,0.58184
0.4568527918781725,0.5388649557405698,0.5806666666666667,0.6045763200725449,0.5793629629629629,0.5768888888888889
0.3604060913705584,0.5844398960552557,0.5759377777777778,0.6134240987187153,0.5755012345679011,0.5681777777777778
0.3248730964467005,0.5639940795616544,0.5776000000000001,0.6099391987748146,0.5795111111111111,0.5780444444444445
0.3705583756345177,0.6147698574309229,0.5884622222222223,0.6275882362520635,0.5869333333333333,0.5813966666666667
0.3248730964467005,0.5979761284045548,0.5799377777777779,0.6190095677345819,0.582548148148148,0.5767111111111112
0.0,0.5798808126598478,0.5788,0.6090563710021465,0.5788444444444444,0.5751555555555555
0.3604060913705584,0.6209458988829435,0.5891911111111112,0.5857425991272796,0.5878222222222221,0.5809077777777778
0.3451776649746192,0.6027272739609922,0.5878133333333334,0.6617819966574314,0.5861777777777777,0.57713
0.365482233502538,0.6319172529121976,0.5961155555555556,0.6259974519210636,0.5952592592592592,0.5941137037037036
0.3807106598984771,0.6196966317088582,0.5841155555555555,0.5511983531246746,0.5904296296296295,0.5784666666666667
0.3807106598984771,0.6371147227732533,0.5959022222222222,0.5894426148990956,0.5974074074074074,0.5932666666666667
0.4213197969543147,0.6167028437633729,0.5913866666666667,0.5601477265833227,0.596074074074074,0.5853557309941521
0.3756345177664975,0.6389527394084931,0.5935466666666667,0.5997784503913228,0.5961481481481482,0.5900029629629631
0.299492385786802,0.6237147260024142,0.5925333333333334,0.595601845753611,0.5924296296296296,0.5827066666666667
0.3350253807106599,0.6472269180755389,0.59136,0.596040804781214,0.5921185185185185,0.5848222222222222
0.4060913705583756,0.6264844578204734,0.591928888888889,0.5879516874309377,0.5939703703703703,0.5830035087719299
0.2538071065989847,0.6284990698783555,0.5913866666666668,0.6534809630999355,0.5910962962962962,0.5946505050505051
0.3908629441624365,0.5875499112737925,0.5866222222222223,0.6171116315999517,0.5823999999999999,0.5721077777777778
0.3401015228426396,0.5980821597865696,0.5860355555555556,0.6574344267812573,0.5834222222222222,0.5783744444444444
0.4213197969543147,0.6332701114503494,0.5911200000000001,0.6541973648028099,0.5898962962962963,0.5853966666666667
0.3604060913705584,0.6217758728577572,0.5842133333333334,0.6757255702271728,0.5847259259259259,0.5783744444444445
0.4111675126903553,0.6279900824180911,0.5914133333333333,0.6605461696830235,0.5895703703703703,0.5798223976608187
0.299492385786802,0.6284507228378969,0.5896800000000001,0.6345914680011153,0.5871703703703703,0.5803446198830409
0.5228426395939086,0.6297656454039047,0.5878311111111112,0.6672222077644688,0.5862814814814814,0.5806844444444444
0.3807106598984771,0.609630950949929,0.5833511111111112,0.6437650350411706,0.584874074074074,0.5801333333333334
0.3248730964467005,0.5969540110653128,0.5850133333333334,0.6310661450318393,0.5835851851851851,0.575655284900285
0.2690355329949238,0.6280329012475953,0.5801333333333334,0.6180141514150062,0.577037037037037,0.5656114814814814
0.3401015228426396,0.5864073929357749,0.5766044444444445,0.6167875192436645,0.5778222222222222,0.567643888888889
0.299492385786802,0.6022697214054161,0.57976,0.5954055545663138,0.5746222222222223,0.5651699145299145
0.4010152284263959,0.6056281919067241,0.5796444444444445,0.6004753140480832,0.5790222222222221,0.5716723514211887
0.3451776649746192,0.638998978731693,0.5864977777777778,0.6218455729159988,0.5866666666666667,0.5797333333333333
0.2842639593908629,0.5922292735612897,0.5874222222222223,0.6284922944241738,0.5848592592592592,0.5864888888888888
0.3401015228426396,0.5815829864428546,0.5893422222222223,0.5949363313931344,0.5915259259259258,0.6027755555555555
0.365482233502538,0.5666380563595952,0.5906666666666668,0.6382638582206405,0.5850814814814814,0.5900000000000001
0.3604060913705584,0.6231429022883783,0.5885511111111111,0.6078268981036259,0.5842518518518518,0.5799511111111111
0.416243654822335,0.5895975996416736,0.5939377777777778,0.5754995070560691,0.5935851851851851,0.5959333333333333
0.4213197969543147,0.6144542027859123,0.5988,0.6006646735524752,0.5948296296296296,0.5880222222222222
0.3401015228426396,0.5789489162153387,0.5876266666666666,0.592378492001152,0.5910074074074073,0.5922111111111111
0.4923857868020304,0.5902009115174307,0.5909333333333334,0.6056952521943058,0.586,0.5789171717171717
0.2893401015228426,0.6142893718271651,0.59528,0.5789423870008009,0.5972888888888889,0.600488888888889
0.3604060913705584,0.6262129092123465,0.5899200000000001,0.6197368789993805,0.5897481481481481,0.5848282828282829
0.2893401015228426,0.571830457160494,0.5849244444444445,0.6244724252137178,0.5857333333333333,0.5854666666666667
0.3350253807106599,0.5874966986327033,0.5910755555555556,0.5622355687025495,0.5890666666666666,0.58264
0.3857868020304568,0.5744632895025341,0.5908800000000001,0.5925304653439186,0.5891259259259258,0.5834262626262627
0.4060913705583756,0.5835588377056979,0.5872533333333334,0.6035887821124891,0.5871407407407406,0.5814690180878553
0.3553299492385787,0.5381663847893919,0.5872444444444445,0.5027975239474686,0.5865481481481482,0.5761333333333333
0.3959390862944162,0.5526601442323501,0.5806133333333333,0.6084397985728197,0.5731259259259259,0.5727777777777778
0.3401015228426396,0.5561502823449799,0.5848266666666666,0.592572966698279,0.5796592592592592,0.5772601587301588
0.3857868020304568,0.55410350564433,0.5892177777777778,0.5880227407385922,0.5877777777777777,0.588728888888889
0.3604060913705584,0.5545765251235546,0.583368888888889,0.6072650232921457,0.5881629629629629,0.580018888888889
0.3197969543147208,0.5546106200441124,0.5869511111111112,0.6142965643197235,0.5892888888888889,0.5836888888888889
0.4771573604060913,0.61307539513645,0.5817244444444446,0.5950280095535924,0.5828148148148148,0.575218888888889
0.365482233502538,0.5515012821895536,0.5868977777777779,0.6109233060672933,0.5894962962962962,0.5902222222222222
0.4213197969543147,0.5584769567814547,0.5877155555555557,0.5979427854481392,0.5894518518518518,0.5914370707070707
0.3045685279187817,0.5855620800336419,0.5841422222222223,0.6635879753568673,0.5806518518518518,0.5734060606060606
0.3350253807106599,0.5980327369455156,0.5865155555555556,0.6311607327577432,0.5865185185185184,0.5886411111111112
0.2588832487309644,0.6436167814114213,0.5943911111111112,0.6290813647104481,0.5929777777777777,0.5952444444444445
0.4060913705583756,0.595066571576386,0.5864444444444445,0.6348277938802626,0.5810814814814814,0.5759151851851853
0.4263959390862944,0.606995300802353,0.5893155555555557,0.6674279358759436,0.5857333333333332,0.5960188888888889
0.482233502538071,0.6117523254123546,0.5848177777777779,0.641627323165451,0.581111111111111,0.5795585185185186
0.3604060913705584,0.6231027559289689,0.5877155555555557,0.672948941534729,0.5833037037037037,0.5753251851851852
0.4010152284263959,0.619794639623853,0.5874400000000001,0.6164774694508492,0.5888592592592592,0.5787
0.4467005076142132,0.6295019318924894,0.5897066666666667,0.6246669153402882,0.5872444444444445,0.5782733333333333
0.4974619289340101,0.5990475052609447,0.5879200000000001,0.6302858288138167,0.5878814814814814,0.5874555555555555
0.4467005076142132,0.5932789953534231,0.581208888888889,0.6593699895876599,0.5772888888888889,0.5731177777777778
0.3959390862944162,0.5943914295700506,0.58408,0.6031591361087562,0.5861481481481481,0.5767633333333333
0.3857868020304568,0.6182896223826359,0.5890933333333335,0.6392793524229903,0.588237037037037,0.5816511111111111
0.3807106598984771,0.65591037469725,0.5926400000000001,0.6042052738462622,0.5916444444444444,0.5810744444444444
0.3096446700507614,0.6353960878492809,0.5924977777777779,0.6332754562520225,0.5926814814814814,0.5759633333333334
0.5532994923857868,0.5861602522143096,0.5844622222222222,0.5858024079182833,0.583674074074074,0.5786844444444444
0.5583756345177665,0.590585623242946,0.5877511111111111,0.630224273284903,0.5878814814814814,0.5805077777777778
0.4467005076142132,0.5705800655970493,0.5915111111111111,0.604284078018494,0.5890074074074073,0.5855744444444445
0.467005076142132,0.5854643796299216,0.5863022222222223,0.5728555974433651,0.5902962962962962,0.5944
0.5329949238578681,0.5709492788884769,0.5826311111111111,0.5912780217531282,0.5823259259259258,0.578913888888889
0.4771573604060913,0.5722453304436648,0.5823466666666667,0.609778896916565,0.5842518518518518,0.5801955555555556
0.5380710659898477,0.5816127022173144,0.58384,0.5560335762842894,0.5821333333333333,0.5803838383838384
0.4873096446700508,0.5331569348240792,0.5842044444444445,0.5657863670784542,0.5847111111111111,0.5894475396825397
0.4060913705583756,0.5485726927227033,0.5828355555555557,0.5787300521908153,0.5827703703703704,0.5806844444444444
0.482233502538071,0.5651526364758058,0.5843911111111112,0.5931355847178208,0.586,0.5793966666666667
0.4467005076142132,0.5480778287805186,0.5833866666666667,0.5960561251999756,0.5820444444444444,0.5757966666666667
0.4923857868020304,0.6105536673168345,0.5927644444444444,0.6105519110145625,0.5903999999999999,0.5813522222222223
0.4517766497461929,0.5994446975286838,0.5910222222222222,0.5921656944446434,0.5903407407407406,0.5825522222222222
0.5025380710659898,0.5841659202098141,0.59072,0.6333354893105739,0.5991407407407408,0.5974888888888888
0.4365482233502538,0.611558164571107,0.5916622222222223,0.5602431393527662,0.5938222222222223,0.5836633333333334
0.5177664974619289,0.5988975333983542,0.5869866666666667,0.6277211059628267,0.5839851851851852,0.5748188888888889
0.467005076142132,0.6008745456933107,0.5881777777777778,0.617453824053812,0.5898074074074073,0.5811111111111111
0.5177664974619289,0.5996059003004395,0.5891200000000001,0.5786754672595809,0.5904,0.5865522222222223
0.4923857868020304,0.5904960730846631,0.590728888888889,0.58873772920529,0.5899851851851852,0.5833955555555556
0.2131979695431472,0.6086496753844721,0.5900711111111112,0.6218508984114735,0.591911111111111,0.5863838383838385
0.5177664974619289,0.5197876024573346,0.5772711111111112,0.5634082102618906,0.5720444444444445,0.5753171717171717
0.4568527918781725,0.5942580737035862,0.5848177777777778,0.6650887097678556,0.5799703703703702,0.5774400000000001
0.4720812182741117,0.5649501743296435,0.5874666666666668,0.6181802648959241,0.5858962962962962,0.5861966666666667
0.4517766497461929,0.5608366880050862,0.5832977777777778,0.586578411284679,0.582637037037037,0.584365
0.365482233502538,0.5283582106799847,0.5793511111111112,0.5356513199835791,0.5839259259259258,0.5883872222222222
0.5228426395939086,0.5650100638902836,0.58304,0.6011591283925758,0.5789037037037037,0.5786844444444444
0.4568527918781725,0.5430841095493084,0.5805422222222223,0.5922166344353714,0.5772296296296296,0.5837205555555556
0.5431472081218274,0.5767747972827457,0.5811733333333334,0.6405899230640066,0.5791407407407407,0.5790844444444445
0.4416243654822335,0.5793749692566603,0.5948177777777779,0.5831132706527438,0.5920148148148148,0.5917205555555556
0.5736040609137056,0.5367141050165921,0.57744,0.556459675728301,0.5765925925925925,0.5827630952380952
0.467005076142132,0.5679082964589744,0.5861955555555556,0.6196892996137335,0.5842666666666666,0.5835288888888889
0.5431472081218274,0.5761320505477256,0.5823822222222224,0.5753950964411506,0.5901037037037037,0.5975694444444445
0.6040609137055838,0.5913691379365287,0.5868088888888889,0.5922228395534429,0.5898222222222221,0.5887053174603175
0.4263959390862944,0.5874545051413651,0.5865777777777779,0.5720296962120929,0.5867555555555555,0.5842983333333334
0.4263959390862944,0.5919584263668123,0.5910577777777779,0.5828694563900352,0.5958814814814815,0.5987142063492064
0.4720812182741117,0.6033503314802485,0.5924977777777778,0.5845190607813955,0.5894518518518519,0.5827955555555555
0.4314720812182741,0.5775888322180512,0.5924622222222222,0.5715210186169196,0.5961481481481481,0.5970583333333334
0.4111675126903553,0.5870207917351171,0.5940266666666667,0.5731267746367974,0.5944592592592592,0.5939586507936507
0.5736040609137056,0.5951689653992372,0.5853955555555556,0.5785772077751915,0.5813925925925926,0.5694088888888889
0.5634517766497462,0.6067387974630577,0.5900177777777778,0.5613443922047697,0.5911407407407407,0.5884844444444445
0.467005076142132,0.6132447221136915,0.5904622222222222,0.5775017470746066,0.5907555555555556,0.5831966666666667
0.5380710659898477,0.5950467573868448,0.5909511111111112,0.5440363678475161,0.5928148148148148,0.5801077777777778
0.4568527918781725,0.6069329559598344,0.5871822222222223,0.6241188368120065,0.5848148148148148,0.579250505050505
0.5939086294416244,0.5833931764014985,0.587048888888889,0.6118482146642062,0.5855999999999999,0.5814727272727273
0.5482233502538071,0.5708925044986503,0.5895822222222222,0.6055443820879651,0.5861185185185185,0.5818177777777778
0.5634517766497462,0.5927867424686069,0.5890755555555556,0.6411445328802051,0.5866518518518518,0.5827511111111111
0.4467005076142132,0.5986121012247996,0.58992,0.5744156191607451,0.5869037037037036,0.5854622222222222
0.4720812182741117,0.5733437278337002,0.5950666666666667,0.5526718692316291,0.5942814814814814,0.5968919841269841
0.4568527918781725,0.6445255039954779,0.59336,0.5809566785876761,0.5901777777777778,0.5848844444444444
0.4517766497461929,0.6486577259865771,0.5968088888888888,0.6222458675698498,0.5967407407407407,0.5959585185185186
0.5177664974619289,0.5864617829977836,0.5944711111111112,0.5822717456949653,0.5980592592592593,0.5940780952380952
0.5634517766497462,0.5864244766238746,0.5922577777777778,0.5952652216059153,0.5939851851851852,0.5917669841269841
0.3908629441624365,0.6092269716207266,0.5921511111111111,0.5806119668484686,0.5868,0.5843066666666666
0.467005076142132,0.6167121620675747,0.5946844444444445,0.5725613382357851,0.5970518518518518,0.6041225396825397
0.4517766497461929,0.6158846623928342,0.5926844444444446,0.5549554351408308,0.5953037037037037,0.5962632804232804
0.5126903553299492,0.5905463011619589,0.5957333333333334,0.5779380180370947,0.5977629629629629,0.5984725925925927
0.4923857868020304,0.540626198263825,0.5837777777777778,0.6281178778322338,0.5831851851851851,0.5811288888888889
0.5380710659898477,0.5700374389139943,0.5826311111111112,0.5474063775652458,0.5883999999999999,0.5922666666666667
0.4111675126903553,0.5582001548060831,0.5854222222222222,0.6098039711983253,0.5806074074074073,0.5769584415584416
0.416243654822335,0.6158283582579688,0.5825422222222222,0.6271906453980881,0.5895703703703703,0.5990707070707071
0.4416243654822335,0.593169784019465,0.5821955555555556,0.6280025505579366,0.5825185185185184,0.5732485185185185
0.467005076142132,0.5673309779044627,0.5824177777777778,0.6170176013956232,0.5808148148148148,0.5747288888888888
0.4416243654822335,0.5622455354904007,0.5848177777777779,0.6288149637214681,0.5868296296296296,0.5823744444444445
0.467005076142132,0.5528547818797852,0.5763555555555556,0.5942241494108346,0.5775703703703704,0.5756
0.4416243654822335,0.6108419242385338,0.5884444444444445,0.5952556041205213,0.5910222222222221,0.5842060606060606
0.6446700507614214,0.6353723579938702,0.5933422222222222,0.6468729975167289,0.5943407407407407,0.5886444444444445
0.5736040609137056,0.5528863621689124,0.5807111111111112,0.6088085758001435,0.5825333333333333,0.5785955555555555
0.5076142131979695,0.5932377536691169,0.5859022222222223,0.6158034930589896,0.5858962962962962,0.5822400000000001
0.4010152284263959,0.5884908892943731,0.584568888888889,0.6117903084358914,0.589111111111111,0.5815733333333334
0.4365482233502538,0.5571006669018378,0.5968800000000001,0.6157099017813332,0.5943407407407407,0.5922411111111111
0.4314720812182741,0.6133742161256651,0.5871911111111112,0.6133812408843078,0.5896148148148147,0.5823744444444445
0.467005076142132,0.5886936813648159,0.5827911111111111,0.5823914358002706,0.5846814814814815,0.5803111111111111
0.482233502538071,0.5961863495229096,0.5854311111111111,0.6247565475202683,0.5850814814814814,0.5836622222222223
0.6040609137055838,0.6115743573874461,0.5877866666666667,0.5947565636590567,0.5919851851851852,0.5863744444444445
0.4416243654822335,0.6052270390003964,0.5847911111111112,0.5777956256911007,0.5857925925925925,0.5817511111111111
0.4111675126903553,0.617065408594403,0.5864,0.6200558278882005,0.5886666666666667,0.5818855555555557
0.5177664974619289,0.5847449756778025,0.5861244444444444,0.6331495174308698,0.5813185185185185,0.5822949494949495
0.4771573604060913,0.5685893881234496,0.5870133333333334,0.6307984674086415,0.5831999999999999,0.5804177777777778
0.5736040609137056,0.5974326627340634,0.5869244444444445,0.640940047052014,0.584237037037037,0.5846505050505051
0.5532994923857868,0.6006239896292322,0.5858666666666666,0.6016595633447411,0.5878074074074073,0.5848282828282829
0.5025380710659898,0.5513403460816355,0.5804533333333334,0.6458352958864656,0.5776444444444444,0.576739393939394
0.5786802030456852,0.5606184926981037,0.5776711111111111,0.5899401988126284,0.5771111111111111,0.577450505050505
0.4365482233502538,0.5448770150458118,0.5739733333333333,0.6261472527241819,0.5702074074074074,0.572250505050505
0.3908629441624365,0.630802738093171,0.5888800000000001,0.6331727220796521,0.590074074074074,0.5856
0.5380710659898477,0.5572740772596141,0.5872355555555556,0.6066492779599275,0.5883703703703703,0.5855205555555556
0.4467005076142132,0.5671426452060238,0.5802400000000001,0.6272947890408236,0.5815111111111111,0.5811555555555555
0.4568527918781725,0.540798924680961,0.5831466666666667,0.577045743747453,0.5856148148148148,0.5885916666666666
0.482233502538071,0.539823374048221,0.5847822222222222,0.571213472024694,0.5856296296296296,0.5903364285714285
0.4771573604060913,0.5342672569958179,0.5755822222222222,0.5940905316700071,0.5726962962962963,0.5713066666666667
0.5786802030456852,0.5972865202720303,0.5825866666666667,0.6490416873331795,0.5795111111111111,0.5745844444444445
0.4213197969543147,0.5651615752722713,0.5846755555555556,0.5853730576161748,0.5864592592592592,0.5820538888888889
0.3553299492385787,0.6120981187985707,0.5909244444444445,0.6588435903492692,0.5895851851851851,0.5800966666666667
0.3756345177664975,0.5760959825513498,0.5830311111111111,0.6156723849586844,0.5850814814814814,0.5878111111111111
0.4923857868020304,0.5761097746260951,0.5852533333333333,0.6369036679451638,0.5788740740740741,0.5723622222222222
0.4771573604060913,0.6382195968285416,0.5892622222222224,0.5929838973190166,0.5860296296296296,0.5812511111111112
0.4263959390862944,0.6386762137705713,0.5891911111111112,0.608459475179772,0.5888888888888889,0.5775112865497076
0.3857868020304568,0.6337068019869289,0.5887200000000001,0.6339045917988829,0.5866814814814814,0.5798555555555556
0.416243654822335,0.5378762299130894,0.5800711111111112,0.5839756092101287,0.5831111111111111,0.5856138888888889
0.5431472081218274,0.5745588967765066,0.58152,0.6231480597768538,0.5820296296296296,0.5798666666666668
0.4923857868020304,0.5829158634323959,0.5826933333333334,0.6133281228089817,0.5852888888888887,0.585253888888889
0.4974619289340101,0.5479303316284733,0.5856,0.5869663494767676,0.5856444444444444,0.5878538888888889
0.4568527918781725,0.5998974552586632,0.5813688888888889,0.6116811810067058,0.5861481481481481,0.5883472222222222
0.5177664974619289,0.5738839530989417,0.5792177777777778,0.5970322898545487,0.5813333333333333,0.5786222222222223
0.5126903553299492,0.557476213677439,0.5805511111111112,0.5769317380674374,0.5844592592592592,0.5869027777777778
0.4213197969543147,0.5788128252551987,0.5843555555555556,0.594529273067042,0.5906222222222222,0.5952583333333333
0.5177664974619289,0.5443693313547372,0.5875644444444444,0.5688046229453843,0.5906962962962963,0.5934361111111112
0.4517766497461929,0.5650381744390379,0.5853688888888889,0.6030715054502334,0.5866666666666667,0.5884366049382717
0.5736040609137056,0.5704216307148425,0.5794577777777778,0.6222039638641803,0.5822074074074074,0.5797333333333333
0.5736040609137056,0.5657702393803825,0.5813688888888889,0.5743726320153622,0.5829333333333333,0.5867694444444445
0.6243654822335025,0.5517058857946218,0.58072,0.5964285831333441,0.5828592592592592,0.5784622222222222
0.5583756345177665,0.5619852572340095,0.5857066666666666,0.6049035633188029,0.586874074074074,0.5828444444444445
0.5583756345177665,0.5602297555124776,0.5849066666666668,0.5882907087552263,0.5878962962962963,0.5966222222222223
0.3553299492385787,0.5780992467600441,0.5902933333333334,0.5504258285785557,0.5958370370370369,0.6037412962962962
0.6446700507614214,0.6033878200507616,0.5880266666666667,0.5812262728291269,0.5900740740740741,0.57823
0.5126903553299492,0.5484286674894856,0.5842488888888889,0.5787463473187093,0.5892,0.5918285714285714
0.4416243654822335,0.5714757522051236,0.5828266666666667,0.5540903646461991,0.5879555555555555,0.5830000000000001
0.5228426395939086,0.5745116187088529,0.5833066666666668,0.6394196920922754,0.5807703703703703,0.5783851851851852
0.4365482233502538,0.5991408523241991,0.5918844444444445,0.606774017080957,0.5912592592592593,0.5827111111111112
0.5025380710659898,0.6014924924929215,0.5869333333333334,0.598834046327225,0.5885185185185184,0.5836188888888889
0.4619289340101523,0.5648289488619157,0.5784,0.6107970162331567,0.5791407407407407,0.5747733333333334
0.583756345177665,0.5757862060722747,0.5823911111111112,0.5779156160715847,0.5858222222222221,0.5866005555555556
0.482233502538071,0.5509529697010638,0.5792177777777778,0.5962858175079364,0.5801925925925926,0.5799650000000001
0.4923857868020304,0.5860486967823787,0.5868444444444445,0.5936401721338405,0.5870962962962962,0.5900955555555556
0.6142131979695431,0.5778531364609364,0.5846577777777778,0.6040896573143857,0.5845037037037036,0.5752040404040404
0.5989847715736041,0.6166740490897755,0.5904355555555556,0.6222104579049558,0.5889185185185185,0.5762411111111111
0.5685279187817259,0.5959632675901535,0.5817866666666667,0.6193641650935335,0.5817333333333332,0.5764
0.5786802030456852,0.5958207076654926,0.5988000000000001,0.6368731142922583,0.5934814814814815,0.5839395555555555
0.5786802030456852,0.5860761142878457,0.5853066666666668,0.5965875839548175,0.5848938271604938,0.5813333333333334
0.583756345177665,0.5993531172641505,0.5915733333333333,0.6408824052449755,0.5927111111111111,0.5846
0.4974619289340101,0.6036043167796561,0.5893511111111112,0.6411664263115618,0.5878666666666665,0.5797222222222222
0.6243654822335025,0.5995840030889023,0.5863911111111112,0.6412777040299749,0.5860592592592592,0.577218888888889
0.5482233502538071,0.5549394153411058,0.5819644444444445,0.6249051503011808,0.5836148148148148,0.5873777777777778
0.4416243654822335,0.5869200025222724,0.5819111111111113,0.6199169153882607,0.5822814814814814,0.5820622222222223
0.416243654822335,0.6084320606838354,0.586168888888889,0.6112740331232642,0.5852148148148147,0.5837966666666667
0.4416243654822335,0.5657466832911379,0.5910577777777779,0.6214280872572382,0.5906814814814815,0.5904188888888888
0.4467005076142132,0.56995453691351,0.5887022222222223,0.6123730629167204,0.5861185185185185,0.582641111111111
0.4517766497461929,0.5662692172709443,0.5869511111111112,0.6094420012648776,0.5852148148148147,0.5808188888888889
0.4974619289340101,0.6027787273536951,0.5817688888888889,0.6410322389791909,0.5806222222222222,0.5769522222222222
0.5228426395939086,0.5618111630979886,0.5799644444444445,0.6347894904351733,0.5769925925925926,0.5769066666666667
0.4467005076142132,0.5643599438681264,0.58424,0.608694127470339,0.5835555555555555,0.5911555555555555
0.4771573604060913,0.6028290504980556,0.5881422222222223,0.6040548407755524,0.5917777777777776,0.5964444444444444
0.4010152284263959,0.56241675293684,0.5847377777777779,0.5956714776322883,0.587111111111111,0.5867872222222222
0.4873096446700508,0.6219287596251593,0.5907466666666668,0.6406714512542254,0.5896444444444444,0.58833
0.482233502538071,0.5739085574526112,0.5855377777777779,0.6122228274973938,0.5864148148148147,0.5905560493827161
0.4365482233502538,0.551925400663037,0.5861955555555557,0.6019617670690502,0.5875851851851851,0.5903171717171717
0.4213197969543147,0.5831926569659143,0.5823377777777778,0.6181558843907495,0.5851851851851851,0.5825362962962963
0.4771573604060913,0.5794291810702838,0.5839111111111112,0.612838655578739,0.5856148148148147,0.5908755555555556
0.4923857868020304,0.5787965834196436,0.5833333333333334,0.6034222348384928,0.5838814814814814,0.5858977777777777
0.4416243654822335,0.575841556088911,0.5867022222222223,0.6031284449196068,0.5838370370370369,0.5769955555555556
0.4619289340101523,0.5955101875656975,0.5853066666666668,0.600393381556647,0.5828148148148148,0.5785066666666667
0.4517766497461929,0.5924504625897801,0.5811022222222223,0.6266427024620437,0.5792888888888889,0.5766666666666667
0.4619289340101523,0.5725109031973006,0.5796622222222223,0.6421315701678612,0.5784148148148148,0.5761511111111112
0.5329949238578681,0.5545897719664932,0.5803288888888889,0.6028433684625918,0.5789777777777777,0.577528888888889
0.5279187817258884,0.5627472930802881,0.5825688888888889,0.6191225554601465,0.5800444444444444,0.5854400000000001
0.4923857868020304,0.608575689805276,0.5869955555555556,0.6533820117445085,0.5866666666666666,0.5826666666666667
0.5126903553299492,0.5874858235485126,0.5816800000000001,0.613159366145569,0.5817925925925925,0.5797966666666667
0.4467005076142132,0.6113198610785308,0.5857688888888889,0.6621102098241932,0.5872444444444443,0.5820188888888889
0.5329949238578681,0.6053229201809257,0.587448888888889,0.5927810820404562,0.5860296296296296,0.5847744444444445
0.4416243654822335,0.5989761048152917,0.588968888888889,0.5825955385357353,0.5894074074074074,0.5943744444444445
0.4873096446700508,0.619864236411029,0.5927555555555556,0.5862828607582439,0.5951703703703703,0.5918222222222222
0.5989847715736041,0.5928667992962069,0.5945066666666667,0.599913207281985,0.5978851851851851,0.6014514905149051
0.4517766497461929,0.5976267339219535,0.5890666666666666,0.6532437299039459,0.5934074074074074,0.59033
0.5786802030456852,0.6139407885848074,0.5866755555555556,0.6280934162962425,0.5901333333333332,0.59263
0.5228426395939086,0.575373759798057,0.5843822222222222,0.6107376468061587,0.588311111111111,0.5987
0.5380710659898477,0.5951845788519636,0.5819644444444445,0.6793694032269256,0.5823259259259258,0.5859622222222223
0.5228426395939086,0.5996844173854048,0.5809688888888889,0.5788204248561969,0.5784592592592592,0.5780311111111112
0.5431472081218274,0.6317767086347393,0.5909866666666668,0.6038675119094483,0.5960296296296296,0.6043888888888889
0.4213197969543147,0.6424295413554433,0.5920177777777779,0.5945791679860677,0.598311111111111,0.6012522222222222
0.4467005076142132,0.5340314896529618,0.5775377777777778,0.5624874356680234,0.5782666666666666,0.5817333333333333
0.3857868020304568,0.5751678793479538,0.5804711111111112,0.5796425244410576,0.5843555555555555,0.5830222222222222
0.4720812182741117,0.5878454667087016,0.5943466666666667,0.5633188222737271,0.5841777777777777,0.5772955555555556
0.4974619289340101,0.6325229213929626,0.5892622222222222,0.6048619396003969,0.5921629629629629,0.5962444444444445
0.5634517766497462,0.6207761315424931,0.5888533333333333,0.6352726222735929,0.585674074074074,0.5888060606060607
0.5076142131979695,0.5858417006976027,0.5892622222222224,0.6049849623818089,0.5880444444444444,0.587353888888889
0.4517766497461929,0.5515497394653258,0.5873244444444445,0.5955626150110347,0.5897468013468014,0.5843177777777777
0.5532994923857868,0.5863013040368286,0.5829333333333334,0.5854335286178254,0.5817185185185185,0.5773666666666667
0.5431472081218274,0.5981920953154432,0.5828444444444445,0.5696988530726831,0.5863097643097643,0.5835444444444444
0.4060913705583756,0.6265811459593642,0.5953066666666668,0.5750112240587214,0.5952592592592592,0.5873555555555556
0.6294416243654822,0.5970194467322096,0.5850044444444444,0.5987174264820895,0.5899703703703703,0.5766855555555556
0.5076142131979695,0.5477291233917121,0.5844622222222222,0.5673490309969142,0.5867851851851851,0.5816955555555555
0.5431472081218274,0.6135284582547237,0.59128,0.6079941737473957,0.5870814814814814,0.5836026016260163
0.5025380710659898,0.5711542649396665,0.5841333333333334,0.6033631680595116,0.5872444444444443,0.59332
0.5228426395939086,0.599290579054791,0.5815644444444446,0.6715102363022478,0.5749925925925926,0.5728740740740741
0.467005076142132,0.607375873832911,0.5864444444444445,0.6168269034401237,0.5830518518518517,0.5853393939393939
0.4873096446700508,0.5839640108811252,0.5899377777777779,0.6531656879833406,0.5874962962962962,0.5939744444444445
0.4467005076142132,0.5562312975443074,0.5889600000000002,0.6077118240371678,0.5870666666666666,0.5831555555555555
0.5279187817258884,0.6030759661994662,0.5914311111111112,0.6562718638512081,0.5886962962962962,0.5841522222222222
0.3401015228426396,0.5749920402506934,0.5874222222222223,0.5989055915397903,0.5856592592592592,0.5824579124579125
0.467005076142132,0.5634446177625797,0.5826311111111111,0.636775231972311,0.5851555555555554,0.5848060606060606
0.365482233502538,0.581613709476752,0.587288888888889,0.6235992388797773,0.589748148148148,0.5822555555555555
0.5025380710659898,0.5997873260543091,0.5903111111111112,0.6349361356186859,0.5875703703703703,0.579528888888889
0.3756345177664975,0.5960213253174841,0.5871200000000001,0.6408559610240956,0.5830518518518518,0.5745777777777779
0.4873096446700508,0.5773747202602297,0.5811111111111111,0.6138905877064518,0.5807703703703703,0.5701926262626262
0.4619289340101523,0.5860415038910108,0.57928,0.6737011516224731,0.5777333333333332,0.57984
0.4416243654822335,0.5931717169338666,0.5771733333333333,0.5960977055223142,0.5783703703703703,0.5806844444444444
0.5076142131979695,0.5613691371548968,0.5892533333333335,0.6165692818035342,0.5835407407407407,0.5808444444444445
0.4568527918781725,0.5948595044743874,0.5780355555555556,0.6372297611836295,0.5757333333333333,0.5734844444444445
0.4923857868020304,0.5733043168820919,0.5794311111111111,0.578010517256073,0.575437037037037,0.5751999999999999
0.416243654822335,0.6163700743609513,0.5864444444444445,0.6499641128428832,0.5856592592592592,0.5793077777777778
0.5126903553299492,0.6176891098666515,0.5864977777777779,0.637729941291838,0.5818962962962962,0.5749066666666667
0.3756345177664975,0.5759844707418977,0.5783022222222223,0.5583145525553525,0.5797925925925925,0.5834511111111111
0.5380710659898477,0.5963484364859339,0.5892622222222224,0.6422449708390912,0.5870074074074073,0.5889818518518518
0.5025380710659898,0.6079361108293383,0.5816444444444444,0.6260095565769039,0.5805925925925925,0.5750707407407407
0.5431472081218274,0.5605001935064472,0.5850044444444444,0.5383624176350381,0.5835111111111111,0.5782518518518518
0.5786802030456852,0.6235600918430613,0.5857866666666667,0.6128356377630263,0.585111111111111,0.5829777777777777
0.3959390862944162,0.6202975029189717,0.588808888888889,0.6453381815009317,0.5886222222222222,0.5844633333333333
0.4314720812182741,0.6060382769731933,0.5833155555555556,0.6128078954726985,0.5823999999999999,0.5764912403100775
0.5329949238578681,0.6126619371696154,0.577048888888889,0.6315628066176029,0.5784444444444444,0.5743529687051393
0.5380710659898477,0.654793071567933,0.599688888888889,0.624926148607323,0.5997333333333333,0.5999111111111111
0.5380710659898477,0.6307612338697722,0.5937333333333334,0.653533840888868,0.5890518518518517,0.5850707407407407
0.4263959390862944,0.6059884519373774,0.5898666666666668,0.6462838941846206,0.5846518518518518,0.5858262962962963
0.5126903553299492,0.5867977925552985,0.5860000000000001,0.578684459004258,0.5871555555555554,0.587139393939394
0.583756345177665,0.5570281152115474,0.5864355555555556,0.5894993413874666,0.5845777777777776,0.5788444444444445
0.4365482233502538,0.5963075903010322,0.5757066666666667,0.6072470742726256,0.5731111111111111,0.57
0.4467005076142132,0.5917921733106207,0.5857244444444445,0.6305836922167682,0.5861185185185185,0.5874400000000001
0.5126903553299492,0.6235324468472884,0.5849777777777778,0.6371081552828468,0.5842222222222222,0.5775744444444445
0.4873096446700508,0.6361196296317864,0.5874222222222223,0.6899062895047425,0.5861185185185185,0.5739744444444445
0.4416243654822335,0.5694309581278053,0.5762755555555555,0.6028883659993673,0.5780296296296296,0.5750222222222222
0.4263959390862944,0.5780536195733037,0.5780711111111111,0.6694164272955277,0.5741185185185185,0.5685955555555555
0.4923857868020304,0.5678417775334783,0.5781955555555556,0.5903859998805354,0.5773185185185185,0.5736633333333334
0.5076142131979695,0.6218337818981476,0.5816622222222223,0.6520920956557912,0.5826814814814815,0.5831111111111111
0.4213197969543147,0.5832131476148148,0.5782577777777778,0.6160287645820374,0.5758074074074073,0.5623733333333333
0.4720812182741117,0.5938413716212545,0.5818933333333334,0.6444871067007121,0.5824296296296295,0.5784622222222223
0.3756345177664975,0.6055637394643854,0.5798133333333334,0.6538982516328722,0.5785185185185185,0.5737066666666667
0.5583756345177665,0.6220297630955662,0.5857777777777778,0.637554133086824,0.5879259259259259,0.5817171717171717
0.4060913705583756,0.5499148236693465,0.5808977777777778,0.6328996160611043,0.58,0.5752177777777778
0.4517766497461929,0.6016604693844454,0.5784533333333334,0.6567320706823419,0.5781185185185185,0.575528888888889
0.5380710659898477,0.6009249389007,0.5830577777777779,0.6514135950383242,0.5840148148148148,0.5796888888888889
0.4060913705583756,0.5925455639604689,0.5833688888888889,0.5715962773054912,0.5856148148148147,0.5789966666666667
0.4517766497461929,0.5939220405202341,0.5787644444444444,0.6604062586113844,0.5740444444444444,0.5761511111111112
0.5126903553299492,0.5978095633188151,0.5730755555555556,0.6449681296324264,0.5729305114638447,0.5705612403100775
0.4771573604060913,0.5674976047174949,0.5801422222222222,0.6465039266095305,0.5744888888888888,0.5723555555555555
0.4923857868020304,0.5682177101367822,0.5789955555555556,0.6512500587175543,0.5776592592592592,0.5749066666666667
0.5279187817258884,0.5962833332770054,0.5797333333333334,0.6625135197782368,0.577674074074074,0.5764888888888889
0.4263959390862944,0.6268261511322146,0.5877244444444445,0.6692034060782545,0.5853333333333333,0.5789955555555556
0.5431472081218274,0.6223095960226909,0.5812355555555556,0.6449626109878108,0.5795259259259259,0.5777077777777778
0.467005076142132,0.6046964489880329,0.5827111111111112,0.6262021762816484,0.5799703703703702,0.5765077777777778
0.5177664974619289,0.599113143358395,0.5784888888888889,0.5849518977157472,0.5835111111111111,0.5924444444444444
0.3299492385786802,0.6230332612240871,0.5825066666666667,0.6695484874313995,0.5800148148148148,0.577528888888889
0.5228426395939086,0.6114114440508925,0.5844,0.6545262495728041,0.5852888888888887,0.5805522222222222
0.4873096446700508,0.5726126322624574,0.5823911111111112,0.5713307689477315,0.5842419753086419,0.5848444444444444
0.4314720812182741,0.6097844330569071,0.5817155555555557,0.6633712702298784,0.5810074074074073,0.57784
0.4771573604060913,0.5914789655304877,0.5800711111111112,0.6651402178353448,0.575925925925926,0.57464
0.4314720812182741,0.6031450827310085,0.5829866666666668,0.6686476007605728,0.5778666666666666,0.5779733333333333
0.4467005076142132,0.6051809225793444,0.580408888888889,0.6656216116378285,0.578162962962963,0.5768177777777778
0.5431472081218274,0.592764479055517,0.5848088888888889,0.6738760205947171,0.5801037037037037,0.572151111111111
0.5634517766497462,0.5714501075246945,0.5790133333333334,0.6610552904633615,0.5748,0.5755288888888889
0.583756345177665,0.6013809525480557,0.5821422222222223,0.6477352899069215,0.5780592592592593,0.5729522222222222
0.1472081218274111,0.6306571799657074,0.5819733333333333,0.6541698880278409,0.5800592592592592,0.5738855555555555
0.6091370558375635,0.5730034294214522,0.5753155555555556,0.6290689808099095,0.5718074074074073,0.5658060606060605
0.3248730964467005,0.5481797147378711,0.5715288888888889,0.6094507490466409,0.5668592592592592,0.5602060606060606
0.4467005076142132,0.6202532398364271,0.5809777777777778,0.6520427367762294,0.5781333333333334,0.5725966666666666
0.4467005076142132,0.6116922114786882,0.5825155555555556,0.6335379732109359,0.5788740740740741,0.5758844444444444
0.4213197969543147,0.5838835211130367,0.5841866666666667,0.6133209080661753,0.5857333333333333,0.5887555555555556
0.5380710659898477,0.5640100110620189,0.5790133333333334,0.6131006245352408,0.5774518518518519,0.5802222222222222
0.5989847715736041,0.5532105939018532,0.5703377777777778,0.5834287032087926,0.5689185185185185,0.5710222222222222
0.5634517766497462,0.553468515745473,0.5834844444444446,0.5728248736149681,0.5848592592592592,0.58904
0.6192893401015228,0.6302287967026137,0.5862844444444445,0.6391643728368552,0.5891407407407407,0.5792444444444445
0.6243654822335025,0.6504897412998562,0.586168888888889,0.6236294962701705,0.586637037037037,0.5794111111111111
0.6548223350253807,0.5444919356746548,0.5854222222222223,0.5905824412543558,0.5855407407407407,0.5771557309941521
0.6294416243654822,0.5608036159176668,0.5828711111111112,0.605709734955042,0.5887555555555555,0.5946060606060606
0.5329949238578681,0.5997931871612919,0.5821066666666668,0.6606042255289175,0.5806814814814815,0.5733077777777777
0.5076142131979695,0.6161122251809195,0.585128888888889,0.6157944072152743,0.584948148148148,0.5821966666666667
0.5685279187817259,0.5620593873146366,0.5838044444444446,0.6232372850968244,0.584874074074074,0.5796177777777778
0.4923857868020304,0.5937534242321436,0.5875911111111112,0.5956665514443651,0.5870074074074073,0.5848
0.5431472081218274,0.6090654973150846,0.5848800000000001,0.6261312544743936,0.5870518518518517,0.5794411111111111
0.5329949238578681,0.602290044250026,0.5850933333333335,0.6415502931963625,0.5833925925925926,0.5787733333333334
0.4568527918781725,0.5860758592276848,0.5869155555555557,0.6379456722613835,0.5871111111111111,0.5829955555555556
0.5786802030456852,0.6082743792150092,0.5894844444444445,0.616579821758193,0.5896148148148147,0.5805966666666666
0.5685279187817259,0.5583794322553237,0.5807644444444445,0.6103467092863272,0.5802666666666666,0.5782400000000001
0.5431472081218274,0.6238406329081893,0.5865955555555556,0.5992498885299565,0.5896148148148147,0.5822222222222222
0.5583756345177665,0.612041396034447,0.5890577777777779,0.6142627655385788,0.5919555555555555,0.5856633333333333
0.5634517766497462,0.5755510592978288,0.5915822222222225,0.6186507557808134,0.589111111111111,0.5887883333333334
0.5736040609137056,0.5826022806847726,0.5869866666666668,0.616989772475173,0.5843999999999999,0.5878805555555556
0.5177664974619289,0.582669801094115,0.5834044444444445,0.61033087816379,0.5881925925925926,0.5902805555555556
0.4314720812182741,0.6006462000214422,0.5846666666666667,0.6189127900180611,0.5875851851851851,0.5807555555555556
0.4873096446700508,0.5804340108119056,0.5845866666666667,0.6205000676603002,0.5859851851851852,0.5781522222222223
0.5126903553299492,0.6011776674618345,0.58304,0.6188906079363545,0.5840592592592592,0.5817077777777778
0.4771573604060913,0.6072248797659456,0.5867733333333334,0.5759251058748062,0.5843259259259259,0.5805171717171718
0.5634517766497462,0.6078448317868811,0.5845511111111112,0.5908683891276193,0.5884629629629629,0.5789333333333333
0.5076142131979695,0.6029083962559968,0.5870755555555557,0.6165412473901049,0.5870814814814814,0.5822411111111111
0.5583756345177665,0.5863113528481178,0.5884622222222223,0.6274597788075985,0.5878222222222222,0.5880000000000001
0.5532994923857868,0.5799458453127792,0.5913777777777779,0.5675681606066426,0.5923407407407407,0.5966074074074074
0.5482233502538071,0.5519091022203817,0.585848888888889,0.5782348865744595,0.5799703703703704,0.5756888888888889
0.4720812182741117,0.604356180330896,0.5838755555555556,0.6292626497618334,0.5833037037037037,0.5754519936204147
0.4974619289340101,0.5500425157928148,0.5825777777777779,0.5838604701622718,0.5799407407407406,0.5819921604938272
0.4314720812182741,0.5774107747767648,0.5819555555555557,0.548281431260854,0.5844888888888888,0.5789511111111112
0.4263959390862944,0.6265859600164805,0.59064,0.6250832328342755,0.592,0.5826855555555556
0.4517766497461929,0.5698454099550191,0.5822133333333334,0.5916814207193056,0.581837037037037,0.5828761111111112
0.5177664974619289,0.5787901356014427,0.589528888888889,0.5967294801706204,0.5905037037037036,0.5963694444444445
0.4974619289340101,0.5156312828430295,0.5846755555555556,0.5244881663900384,0.5886814814814815,0.5927250000000001
0.5431472081218274,0.6236972912187414,0.5882400000000001,0.5818585108026882,0.5894222222222222,0.5846844444444445
0.5888324873096447,0.6366630500812152,0.5885688888888889,0.6189043188338607,0.5891851851851851,0.5817511111111111
0.4263959390862944,0.6018582079704223,0.5911644444444445,0.6098494545316491,0.5879851851851852,0.5889616161616162
0.5279187817258884,0.6160176148474039,0.5864355555555556,0.6136574869058492,0.5872592592592593,0.5825777777777779
0.4974619289340101,0.6229115075074283,0.5880266666666667,0.602347781983657,0.5901925925925926,0.5869511111111112
0.5126903553299492,0.625662163097136,0.5831200000000001,0.6305518089485792,0.5838666666666666,0.5806844444444446
0.5228426395939086,0.6320189960757496,0.5812355555555556,0.637134630303753,0.5827407407407407,0.57664
0.4416243654822335,0.5952409923846129,0.5793600000000001,0.6434020629601591,0.5798666666666666,0.5751111111111111
0.4111675126903553,0.5959581291893472,0.584728888888889,0.6428892193031275,0.5820888888888889,0.5741066666666667
0.4771573604060913,0.5860837973704661,0.5872355555555556,0.5998284730234935,0.5874074074074074,0.58384
0.4974619289340101,0.5719987751039483,0.5801777777777778,0.62170904058093,0.5789185185185185,0.5715288888888889
0.5380710659898477,0.5768001079748272,0.5781422222222223,0.6182854807540495,0.5746222222222223,0.5695733333333333
0.5025380710659898,0.5857591520530131,0.5964177777777778,0.6204972793380867,0.5951555555555555,0.5921027777777779
0.5634517766497462,0.5951707454546066,0.5805066666666667,0.6140269248612942,0.5846370370370371,0.5860361111111111
0.4771573604060913,0.5846192616800718,0.5835377777777778,0.6451304663418811,0.5826814814814814,0.5800177777777779
0.4619289340101523,0.5915950854278583,0.5829333333333334,0.6425438895015532,0.583037037037037,0.5779744444444445
0.5685279187817259,0.5457951779396992,0.5771911111111111,0.6004952804228557,0.5768592592592592,0.5720177777777777
0.5228426395939086,0.5604528551297254,0.5783555555555556,0.6159237589161004,0.5787111111111111,0.5714855555555556
0.4720812182741117,0.5403205540472207,0.5899644444444445,0.5471257574138575,0.5913481481481482,0.594125
0.5126903553299492,0.5811230583338267,0.5834844444444445,0.5960548356604994,0.5872296296296295,0.5873205555555556
0.4517766497461929,0.591553028207117,0.5856444444444445,0.6286536267272492,0.5866222222222222,0.5862538888888889
0.5076142131979695,0.6157750619739039,0.5845066666666667,0.62331961795861,0.5843407407407407,0.5796622222222223
0.5532994923857868,0.584221541586424,0.578488888888889,0.6387918937001296,0.5789925925925926,0.5771555555555555
0.5228426395939086,0.5968023351573167,0.5814666666666668,0.6237042440916948,0.5852888888888889,0.5857333333333333
0.4873096446700508,0.6228871693142302,0.5856977777777779,0.6167876890153602,0.5890814814814814,0.5833522222222223
0.6091370558375635,0.579966485506275,0.5807022222222223,0.6252261042336886,0.5845037037037036,0.5825333333333333
0.4873096446700508,0.6157396983112916,0.5821866666666667,0.6583975219442468,0.5829185185185184,0.5828888888888889
0.4873096446700508,0.6004789503541702,0.5902577777777779,0.6284712904078611,0.5921925925925925,0.5872522222222223
0.4873096446700508,0.6227936566074739,0.5866844444444446,0.5693971038515183,0.5857925925925925,0.5808511111111111
0.4720812182741117,0.6033994934706397,0.5840622222222223,0.6074884373242131,0.5834222222222222,0.5783444444444444
0.4517766497461929,0.6179428155811864,0.5823555555555555,0.6270397133759118,0.582637037037037,0.5833555555555556
0.4365482233502538,0.6081759348702542,0.5935022222222223,0.6173064935073587,0.5955555555555555,0.5974583333333333
0.4517766497461929,0.6213786489367344,0.5884622222222222,0.5952785953983821,0.5906814814814815,0.5814222222222223
0.3959390862944162,0.5842991750604893,0.5827644444444444,0.591131315198907,0.5793925925925926,0.5752727272727273
0.3807106598984771,0.6224024072232708,0.5849422222222223,0.6271806410269066,0.5830814814814814,0.5772622222222222
0.4619289340101523,0.6021211689354806,0.58352,0.6351040457193657,0.5827111111111111,0.5786844444444444
0.4974619289340101,0.5833054467341248,0.5813244444444445,0.626946391807996,0.5823555555555555,0.5763111111111111
0.4873096446700508,0.6086504045752811,0.5860444444444445,0.5999876018636223,0.5881925925925926,0.5887583333333334
0.5380710659898477,0.5565530360672277,0.5833244444444445,0.608688830230838,0.5856592592592592,0.58184
0.3857868020304568,0.5863318757974979,0.5825866666666667,0.5745334277030291,0.5857481481481481,0.5813066666666667
0.4467005076142132,0.606465439146776,0.5862666666666667,0.6076116480976606,0.5875703703703703,0.5797966666666667
0.4467005076142132,0.5904336150103989,0.5842755555555557,0.603440035769241,0.5874814814814814,0.5780633333333334
0.5279187817258884,0.6066792958031558,0.59008,0.6105770470556421,0.5898518518518517,0.5828633333333334
0.5177664974619289,0.5995992280366528,0.5892266666666667,0.5989119864859834,0.5900148148148148,0.5845966666666667
0.5228426395939086,0.601218299116076,0.5844977777777779,0.6260231705520487,0.584562962962963,0.5800633333333334
0.4517766497461929,0.5973939163101625,0.5842133333333333,0.598359170826596,0.582874074074074,0.5751268253968254
0.5989847715736041,0.6414471429142284,0.5886844444444446,0.6670158560100012,0.5911407407407407,0.5758112865497076
0.5431472081218274,0.6046883499189737,0.5853244444444444,0.5727730656442513,0.5862370370370369,0.5832282828282829
0.467005076142132,0.5967200933330464,0.5840355555555555,0.6174190301194047,0.5790962962962962,0.5753966666666667
0.4873096446700508,0.5690688565204063,0.5776266666666667,0.6198882792557078,0.5800444444444445,0.5763111111111111
0.5380710659898477,0.5984751042240749,0.5865333333333335,0.5762281150190889,0.5887259259259259,0.5875393939393939
0.5279187817258884,0.5843517293165565,0.5862666666666667,0.6222679480633527,0.5858666666666666,0.5834400000000001
0.4517766497461929,0.5843033559348623,0.5821066666666668,0.6064330350317775,0.5840444444444444,0.5769777777777778
0.5482233502538071,0.5667733586495834,0.5795733333333334,0.5932338698125993,0.5816296296296296,0.5763288888888889
0.5583756345177665,0.5576157815075632,0.5838666666666666,0.5876031783784849,0.5790518518518518,0.564035111111111
0.5279187817258884,0.5785385463028372,0.5895288888888889,0.5947921983887471,0.5836296296296296,0.5753333333333334
0.4720812182741117,0.5983449427720038,0.58496,0.6095636072595676,0.5875555555555555,0.5799300000000001
0.482233502538071,0.6051357599966527,0.5860533333333334,0.5971198895536135,0.5885777777777776,0.5838844444444445
0.4720812182741117,0.5758041503683345,0.5774933333333334,0.6357328594244462,0.5788888888888889,0.57584
0.5329949238578681,0.6201913751287823,0.6014133333333335,0.6120207325278683,0.6021629629629629,0.5950133333333334
0.4873096446700508,0.6415607604848621,0.5893422222222223,0.6238789171895146,0.588562962962963,0.5832511111111112
0.4771573604060913,0.6061912304289474,0.5870666666666667,0.605206135708478,0.5858814814814814,0.5795300000000001
0.5177664974619289,0.6148595400507649,0.5895022222222224,0.6049541215247967,0.5916888888888888,0.5845966666666667
0.4720812182741117,0.612921646934645,0.5899822222222224,0.6192731429759447,0.5897333333333333,0.5819300000000001
0.5583756345177665,0.5811164803745746,0.5853955555555556,0.6233565041739181,0.5846666666666667,0.5815288888888889
0.5177664974619289,0.5888874162473462,0.5860622222222224,0.6019155901799326,0.5870814814814814,0.5817777777777778
0.5025380710659898,0.5678204614806697,0.5809955555555556,0.628666124892283,0.5814222222222222,0.577288888888889
0.4974619289340101,0.6109402570737927,0.5848177777777779,0.6594971988681142,0.5858518518518518,0.5822666666666667
0.4771573604060913,0.6064069369292299,0.5867466666666667,0.6092040576777829,0.5882666666666666,0.580018888888889
0.4771573604060913,0.6096143816180457,0.5866844444444446,0.5941374844020959,0.5849629629629629,0.5772177777777778
0.5025380710659898,0.6055932801297792,0.5854666666666668,0.6231187445513544,0.587037037037037,0.5785966666666668
0.4720812182741117,0.581510704670446,0.5870933333333335,0.6050190346887812,0.5869925925925925,0.5894505050505051
0.4720812182741117,0.6134026715620033,0.5901422222222222,0.5838962596523212,0.5894518518518518,0.5810411111111111
0.4568527918781725,0.621947966955513,0.5942933333333335,0.6057780088913165,0.6047148148148148,0.5995555555555556
0.5126903553299492,0.5435966341244141,0.584728888888889,0.5719031526617459,0.5822814814814814,0.5798222222222222
0.5380710659898477,0.5802490892301247,0.582168888888889,0.6238187287292545,0.579037037037037,0.5780188888888889
0.583756345177665,0.5755103540626486,0.5809155555555556,0.6488888738075851,0.5776296296296296,0.5788
0.4720812182741117,0.6221275806438874,0.5993333333333333,0.6033924237982438,0.5968592592592592,0.5855395555555556
0.4619289340101523,0.643186387060048,0.6001066666666667,0.6282274421948936,0.600474074074074,0.5837373737373737
0.6395939086294417,0.5988885804037067,0.5966755555555557,0.6595688110564937,0.5962222222222222,0.592368888888889
0.5228426395939086,0.597751990950237,0.5876444444444445,0.6260183879020198,0.5877629629629629,0.5834411111111111
0.5177664974619289,0.5569898837451512,0.582,0.5961959736554818,0.5809037037037037,0.5791362193362193
0.4974619289340101,0.6100600829605917,0.5862488888888889,0.601916981698746,0.5874851851851851,0.5811111111111111
0.3959390862944162,0.6382953030743701,0.5898311111111113,0.6251487850583971,0.5882962962962962,0.5827744444444445
0.4974619289340101,0.5868112462125064,0.5834844444444445,0.6435792417071925,0.578162962962963,0.5814844444444445
0.5532994923857868,0.6148636101668981,0.5891466666666667,0.6025075823150706,0.5891555555555554,0.5818411111111111
0.4974619289340101,0.6083713195197379,0.59064,0.6277204660301734,0.5869925925925925,0.5835300000000001
0.5736040609137056,0.6464995911142923,0.5931022222222223,0.6542234388358587,0.5933037037037037,0.5859300000000001
0.4720812182741117,0.629595236903523,0.5978666666666669,0.6126617514930297,0.5961629629629629,0.5943555555555555
0.4213197969543147,0.6003885730579488,0.5900533333333334,0.60518687769844,0.5861925925925926,0.5828444444444445
0.5482233502538071,0.5933582760994206,0.5924266666666667,0.6044569616294133,0.5884444444444444,0.5830888888888889
0.5126903553299492,0.5872723631232357,0.588728888888889,0.603715504623967,0.5857925925925925,0.5858949494949495
0.5025380710659898,0.6270648386323757,0.5855111111111112,0.6288239738680745,0.5826370370370371,0.5774666666666667
0.4111675126903553,0.6344162444446327,0.5921688888888891,0.6252903862872673,0.5932,0.5962518518518518
0.6700507614213198,0.6127934328055552,0.5868711111111112,0.6150895864092498,0.5866518518518518,0.5829411111111111
0.7461928934010152,0.6280169302428514,0.6026044444444444,0.6465080641291391,0.5999407407407407,0.6047014285714285
0.5076142131979695,0.5980660873603357,0.5921333333333334,0.628545276010805,0.5897481481481481,0.5859300000000001
0.5939086294416244,0.6140862656363186,0.5894844444444445,0.6299195715574842,0.5897037037037036,0.5854411111111112
0.4568527918781725,0.5907493957379286,0.5853155555555556,0.5951246404127848,0.5874222222222221,0.5851744444444444
0.5076142131979695,0.6131966444398339,0.5874844444444445,0.632277053432058,0.5871851851851851,0.5782855555555556
0.6091370558375635,0.5901285929287108,0.5857333333333334,0.6172068740293392,0.5880444444444444,0.5830666666666667
0.5279187817258884,0.587682259637341,0.5874311111111111,0.6227279690820716,0.5811555555555555,0.57584
0.5279187817258884,0.5881086712784109,0.5871822222222223,0.6158732415281674,0.5816,0.5782222222222222
0.5532994923857868,0.4435108733104893,0.3667200000000001,0.4417054008083763,0.366162962962963,0.3933333333333333
0.482233502538071,0.6034926139355622,0.582168888888889,0.610995238532043,0.5849629629629629,0.5838222222222222
0.5532994923857868,0.562812142846897,0.5840888888888889,0.5768322049150718,0.5867111111111111,0.5816888888888889
0.5888324873096447,0.5803073069987305,0.5825155555555557,0.5467688747799085,0.5894962962962963,0.5994694444444444
0.5583756345177665,0.5812302168087831,0.585768888888889,0.5775828235423088,0.5898666666666665,0.5930005555555556
0.5482233502538071,0.589266999358434,0.5834133333333333,0.580747018674006,0.5837185185185185,0.5799555555555556
0.6040609137055838,0.5668022137972679,0.59032,0.5573888966804375,0.5892148148148147,0.5833955555555557
0.5685279187817259,0.5699201816687363,0.5875822222222222,0.6063448800198351,0.589911111111111,0.5917408730158731
0.6040609137055838,0.6557071807278393,0.5971911111111111,0.6409054037492963,0.6000888888888889,0.6003966666666667
0.4263959390862944,0.6244836512858191,0.5956355555555556,0.6274235178059001,0.5951259259259258,0.5894525563909774
0.5076142131979695,0.5513334893987272,0.5856977777777779,0.5732048895030347,0.5896296296296296,0.5824633333333333
0.6649746192893401,0.5813456921380945,0.5859111111111112,0.5837680614118893,0.5871851851851851,0.5865077777777779
0.6142131979695431,0.61368402395959,0.5932533333333334,0.5981153988997124,0.5898518518518518,0.5842222222222223
0.5634517766497462,0.600506408926107,0.58896,0.6355774467939123,0.5854074074074074,0.5840000000000001
0.5177664974619289,0.6154851188097937,0.5903111111111111,0.586423296125835,0.5907259259259259,0.5852
0.4873096446700508,0.6142146638561118,0.5917511111111111,0.5887696318922729,0.5871407407407406,0.5797746031746032
0.4010152284263959,0.5749285719982902,0.5830844444444445,0.6338524024565143,0.5836444444444444,0.5871111111111111
0.4517766497461929,0.5710955286510732,0.5803733333333334,0.64038296176135,0.5760148148148148,0.5766666666666667
0.4720812182741117,0.5765323071941236,0.5798222222222222,0.631368387497106,0.577674074074074,0.5757511111111111
0.4720812182741117,0.5967390610128958,0.5839111111111112,0.6400219891903627,0.5823851851851851,0.5788444444444445
0.4568527918781725,0.5514803103594679,0.5815733333333334,0.5768244405480203,0.5863999999999999,0.5805777777777779
0.5025380710659898,0.5786759118267255,0.5851111111111112,0.5745644940951276,0.5850666666666666,0.5785522222222222
0.5228426395939086,0.6074466002224862,0.5878222222222222,0.6145396619747908,0.5854074074074074,0.5769077777777778
0.5685279187817259,0.6191520551994936,0.5869955555555556,0.6470028822943608,0.5855999999999999,0.5785077777777778
0.4619289340101523,0.610854125641513,0.5871644444444445,0.6274759006015465,0.5865185185185184,0.5747744444444445
0.5228426395939086,0.6026776021312457,0.5878133333333334,0.6278732481264093,0.5898222222222221,0.5800633333333334
0.5076142131979695,0.6034665946149441,0.5859644444444445,0.6059486569197998,0.5870814814814814,0.5799744444444445
0.5025380710659898,0.6215121551135007,0.586408888888889,0.6898809559767607,0.5867703703703703,0.5761522222222223
0.6091370558375635,0.625367439738576,0.591848888888889,0.6221414591149109,0.5927851851851852,0.5858222222222222
0.5431472081218274,0.6101063332526515,0.5932711111111112,0.5827775074385012,0.5941037037037036,0.5845966666666667
0.4314720812182741,0.6062245079865807,0.5847911111111112,0.652329437430474,0.5826666666666667,0.5771555555555556
0.3908629441624365,0.5660287052400648,0.5856355555555557,0.5679882432620945,0.5865037037037036,0.5809966666666667
0.5076142131979695,0.6035849825368012,0.5886577777777778,0.6122247428339659,0.5878518518518518,0.5845777777777779
0.4060913705583756,0.6059348798611529,0.5881244444444446,0.6152844460826248,0.5869185185185184,0.5884717948717949
0.5228426395939086,0.5869729518001201,0.5830044444444444,0.6305121020777742,0.5835555555555555,0.586488888888889
0.5532994923857868,0.6059517305886356,0.5955733333333334,0.5672268901395593,0.5969481481481481,0.5979111111111112
0.5329949238578681,0.6093239417179358,0.5907022222222222,0.6213102977779827,0.5903111111111111,0.5800444444444445
0.5177664974619289,0.6158932006087879,0.5993866666666666,0.6044042148964458,0.5958666666666667,0.5915111111111111
0.5076142131979695,0.6001188234975188,0.5846755555555556,0.5870720813035644,0.5880444444444444,0.5798222222222222
0.4060913705583756,0.5655240605168245,0.584008888888889,0.6219017704688881,0.5806814814814815,0.57633
0.4923857868020304,0.5951108051070302,0.5861422222222223,0.5819350338352658,0.5862666666666666,0.5819151515151515
0.5076142131979695,0.5896433538876932,0.5814577777777779,0.6225186431517705,0.580474074074074,0.5789066666666667
0.5177664974619289,0.5889570231306261,0.5961155555555556,0.5788798882708236,0.5988860670194003,0.6038945736434108
0.5076142131979695,0.6072446106734386,0.5912977777777779,0.5892302128246661,0.5905777777777776,0.5848888888888889
0.233502538071066,0.597463699329897,0.5999111111111113,0.5953680905844301,0.5979555555555555,0.6052840404040404
0.1522842639593908,0.5950817890781996,0.592097777777778,0.5817124291598099,0.5952296296296296,0.5948188888888889
0.5939086294416244,0.5805157027460959,0.5903111111111111,0.6215173321798553,0.5904592592592592,0.5837522222222222
0.3401015228426396,0.6194742076865475,0.5940622222222223,0.6501356561737908,0.5940148148148148,0.5988888888888888
0.5685279187817259,0.5927241144492281,0.5899200000000001,0.6159240956607946,0.590562962962963,0.5857522222222222
0.5786802030456852,0.6048886858223443,0.5893688888888889,0.6280845138512617,0.5891703703703703,0.5857522222222222
0.5431472081218274,0.6128325650130176,0.5866044444444445,0.6287502742005531,0.586474074074074,0.5842855555555556
0.5532994923857868,0.588193973246368,0.5825866666666667,0.5992900968032111,0.586548148148148,0.5870222222222222
0.5583756345177665,0.5770497891021742,0.5816888888888889,0.5979702527558374,0.5838074074074073,0.5840888888888889
0.5786802030456852,0.5858152791110697,0.5834666666666667,0.634451132218444,0.5835407407407407,0.5814222222222223
0.5888324873096447,0.6068506486553358,0.5874666666666668,0.6334453573622735,0.5877481481481481,0.5772633333333334
0.6142131979695431,0.5781649327843144,0.5891911111111111,0.5874015566587671,0.5908592592592592,0.5870949494949496
0.6548223350253807,0.6167588838548794,0.58192,0.6230341875340557,0.5841481481481481,0.5772411111111111
0.5736040609137056,0.5952459299528718,0.5927466666666668,0.6195305370731048,0.5918074074074073,0.5837966666666666
0.4263959390862944,0.6206358109685743,0.5881777777777779,0.6160489285823019,0.5908296296296296,0.5869333333333334
0.5329949238578681,0.6535933630805493,0.5976088888888891,0.6463364305392689,0.5980148148148148,0.598962962962963
0.6243654822335025,0.5827722284141115,0.5900177777777779,0.603333658977171,0.5915259259259259,0.5816929292929294
0.5786802030456852,0.5918402089358463,0.5813600000000001,0.5801970199077517,0.5856592592592592,0.5826222222222223
0.4974619289340101,0.6058466840892485,0.5897866666666668,0.6517376462325803,0.590874074074074,0.5861818181818181
0.5786802030456852,0.6021409731522753,0.5889155555555556,0.6109372726194449,0.586637037037037,0.5817077777777777
0.6192893401015228,0.5995265435358546,0.5907022222222224,0.6232685121895813,0.5908148148148148,0.5986855555555555
0.5888324873096447,0.6094510263822734,0.5868622222222223,0.6174986784929208,0.5818222222222222,0.57664
0.5228426395939086,0.628313561083522,0.5916977777777779,0.6328461827648731,0.5898222222222222,0.5828188888888889
0.5685279187817259,0.6033154284017912,0.5875200000000002,0.6405924463917122,0.5857925925925925,0.5793966666666667
0.5786802030456852,0.6069238178542645,0.5895022222222223,0.6244223091284425,0.5872148148148147,0.5786744444444445
0.5329949238578681,0.6081997216728096,0.5886133333333334,0.6529607141955737,0.5903407407407407,0.5805522222222222
0.5329949238578681,0.6305008987872008,0.5905333333333335,0.6047458917300299,0.5905037037037036,0.5871633333333334
0.4974619289340101,0.6101839857001842,0.586488888888889,0.5896195142694539,0.5872296296296295,0.5779633333333334
0.4923857868020304,0.5850096657392955,0.5880177777777779,0.6437980438374729,0.5848296296296296,0.5789972336606483
0.4771573604060913,0.5135869467401774,0.5840177777777779,0.5558041891895843,0.5795259259259259,0.5793464400098547
0.4619289340101523,0.5664032856215471,0.5851288888888889,0.5858334140108439,0.5854814814814814,0.582739393939394
0.6091370558375635,0.6155916906867365,0.5873155555555556,0.6318311202330709,0.5840740740740741,0.5780511111111111
0.5177664974619289,0.62098302764816,0.5839377777777778,0.5995514968801358,0.5832888888888889,0.583079773343188
0.583756345177665,0.6274518476233323,0.5873422222222222,0.6357007873354436,0.5846222222222222,0.5852949494949495
0.6395939086294417,0.6333651158923164,0.5892266666666667,0.5688677533220602,0.5866074074074074,0.5779522222222222
0.5380710659898477,0.5676774763529168,0.5868711111111111,0.5866810761290882,0.5822666666666666,0.5813748844542991
0.482233502538071,0.6129748263660614,0.5943466666666668,0.6326099641665028,0.5958518518518519,0.58543
0.5076142131979695,0.6250933116838568,0.59296,0.6522372582017342,0.5929629629629629,0.5812077777777778
0.4517766497461929,0.6484612264551268,0.6046222222222224,0.6401256842091674,0.6062666666666666,0.6032614814814815
0.4568527918781725,0.6205257973699999,0.6022844444444446,0.6352140161494334,0.6012148148148148,0.6009837037037037
0.5177664974619289,0.6022276555834742,0.5928355555555557,0.618424019676837,0.5919259259259259,0.5811408825093036
0.583756345177665,0.5789118422502196,0.5827733333333334,0.6215393965312189,0.5801925925925926,0.5697085519563877
0.467005076142132,0.6416923107006985,0.5902933333333334,0.6594132814850121,0.592237037037037,0.5780966666666667
0.467005076142132,0.6367976808911237,0.5889866666666668,0.6051150273829287,0.5903703703703703,0.5838368421052632
0.5228426395939086,0.6064284429295898,0.5945955555555558,0.6276048031670377,0.5970666666666666,0.5906540740740741
0.4517766497461929,0.5523215723675562,0.5836622222222223,0.5796488418599512,0.578,0.57214
0.4873096446700508,0.6320540339636922,0.5902222222222223,0.609599987461373,0.5908888888888888,0.5792522222222223
0.5939086294416244,0.6071690920707173,0.58792,0.6185159844063737,0.5930052910052909,0.5856777777777777
0.4467005076142132,0.6361393484854404,0.5946222222222223,0.6122806600730986,0.5960888888888889,0.5860890643274854
0.5786802030456852,0.6289933388702705,0.5968711111111112,0.6209046973452066,0.5986222222222222,0.5965035087719298
0.3401015228426396,0.5939310268546626,0.5835466666666667,0.5908831614844328,0.5883986531986531,0.5891293719806764
0.3857868020304568,0.622084907635695,0.5902755555555557,0.5426260639712198,0.5905777777777776,0.5861627053140097
0.2791878172588832,0.5775039896301395,0.5728355555555555,0.5825932534190401,0.5771999999999999,0.579256038647343
0.1725888324873096,0.5694768533530802,0.5748355555555555,0.6006219914462648,0.5756296296296296,0.5781204938271605
0.3248730964467005,0.5807441971234586,0.5767466666666666,0.5925691144193045,0.5758518518518518,0.573986038647343
0.3451776649746192,0.6041095830019344,0.57704,0.5999199518774843,0.5793777777777778,0.5795404830917875
0.2436548223350254,0.6020198713992679,0.5796888888888889,0.6125781639835665,0.5813777777777778,0.5733627053140097
0.2588832487309644,0.5729362446210478,0.5756444444444444,0.6194566428128732,0.5729185185185185,0.569096038647343
0.2436548223350254,0.5804011019649339,0.5757422222222222,0.6419693752366896,0.5736592592592592,0.5706622222222222
0.3248730964467005,0.5644649954874538,0.5845600000000001,0.6399057482966855,0.589674074074074,0.5866915942028985
0.3807106598984771,0.5905126830226555,0.5871733333333334,0.6457428971950675,0.5901925925925926,0.5865771497584541
0.3401015228426396,0.629614921191142,0.587448888888889,0.648947281205074,0.5900888888888889,0.5859549275362319
0.3299492385786802,0.5776959828748511,0.5843733333333334,0.6603124008825576,0.5852740740740741,0.5812304830917875
0.2690355329949238,0.5654023960513039,0.5767733333333334,0.6057830150124127,0.5780148148148148,0.5816449275362319
0.2842639593908629,0.5721182944447931,0.5787644444444445,0.6409382698180863,0.5767111111111112,0.5819671497584542
0.3197969543147208,0.590765626295984,0.584488888888889,0.5859343673020825,0.5852592592592593,0.58704
0.2639593908629442,0.5773971316535059,0.5840266666666667,0.5938568822393222,0.5830518518518517,0.5854071497584541
0.2588832487309644,0.5978058678272986,0.58328,0.6229465103110123,0.5828,0.5854222222222223
0.248730964467005,0.5643852679536222,0.58168,0.6367014487935736,0.5811259259259258,0.5861955555555556
0.3248730964467005,0.5796081908220936,0.5833866666666667,0.620334409457596,0.5822074074074074,0.5830515942028986
0.2385786802030456,0.5862172448781015,0.5891733333333334,0.602905654830229,0.5824444444444444,0.58884
0.2436548223350254,0.5863388545402611,0.5848533333333334,0.6516662643238813,0.5841037037037036,0.5878111111111112
0.3807106598984771,0.5992400032348889,0.5831644444444445,0.6101591990679245,0.5869259259259259,0.57822307568438
0.2842639593908629,0.6355015331706132,0.583048888888889,0.6336751883441101,0.5866716049382715,0.5928719930632974
0.3096446700507614,0.5901361720519934,0.5822222222222223,0.6125518307452918,0.5832962962962962,0.5758222222222222
0.3248730964467005,0.5986256175871889,0.5850755555555556,0.5954458050442228,0.5861679012345679,0.5798071497584542
0.2690355329949238,0.6249374713880264,0.58352,0.5930334087779101,0.5857086419753086,0.581496038647343
0.3350253807106599,0.5821259547622151,0.5803733333333334,0.61794765516132,0.5759629629629629,0.5807806177719221
0.3096446700507614,0.6013941173536478,0.5798044444444445,0.6217300292926136,0.5821407407407407,0.5760304830917875
0.2842639593908629,0.5848284193221995,0.5830933333333334,0.6530091204335726,0.5808592592592592,0.5851177777777778
0.416243654822335,0.5654635236839357,0.5797066666666666,0.5960743493489535,0.5759555555555556,0.5805185185185185
0.2791878172588832,0.5822218734456273,0.5743822222222222,0.6708830262006436,0.5739703703703704,0.5769627053140097
0.3604060913705584,0.5568588162834135,0.5805511111111111,0.5659958232949183,0.5812148148148147,0.5711066666666667
0.3553299492385787,0.5725092323966786,0.5733777777777778,0.5748583272870046,0.5743851851851851,0.5753522222222223
0.4263959390862944,0.5812596699852108,0.5791644444444444,0.6262276985819976,0.5781827160493827,0.5706518518518519
0.2588832487309644,0.5745596934854394,0.5771733333333333,0.6272254033742204,0.575725925925926,0.5666749275362319
0.2639593908629442,0.546396138682401,0.5704266666666666,0.5985154544511435,0.5713096296296296,0.5732304830917875
0.1675126903553299,0.6468205528415948,0.5860844444444445,0.646123966796414,0.5831610136452241,0.5745045234958279
0.299492385786802,0.6235788768636518,0.5834222222222223,0.6648429501140443,0.5828938271604938,0.5758527053140097
0.2081218274111675,0.5753183358550782,0.5774755555555555,0.6488227129489631,0.5739456790123456,0.5699003703703703
0.2538071065989847,0.5711841383430807,0.5786844444444446,0.6290339792256647,0.5772,0.5767872222222222
0.1878172588832487,0.5974638646807116,0.5814666666666667,0.6346574076641948,0.5839461988304093,0.573204074074074
0.3350253807106599,0.6092785198594344,0.5788800000000001,0.6388536400764661,0.5790666666666666,0.5853344729344729
0.2944162436548223,0.6025683743230587,0.5869066666666667,0.6113158797777362,0.5877827160493826,0.5963603988603989
0.2791878172588832,0.566606943423956,0.5770133333333334,0.6395277539720052,0.5794518518518518,0.571256038647343
0.3350253807106599,0.5863905985186171,0.5804266666666666,0.554028797533261,0.5800943469785576,0.5732293719806764
0.3401015228426396,0.5863217118787077,0.5819111111111113,0.5878286862556463,0.5826666666666667,0.5800338164251209
0.2131979695431472,0.5787417417003903,0.5775288888888889,0.6280083140988513,0.5763555555555555,0.5737511111111111
0.3299492385786802,0.5600005716531449,0.5770577777777778,0.5770321470739799,0.5828444444444445,0.586709927536232
0.3045685279187817,0.5602358050653773,0.5753155555555556,0.5407970539973401,0.5799259259259258,0.5812995571658616
0.3299492385786802,0.5546689775288121,0.5822133333333334,0.5342444434198151,0.5840888888888889,0.5886475396825397
0.2944162436548223,0.5839340595710409,0.585608888888889,0.5845352705145831,0.5872814814814814,0.5819193719806763
0.2842639593908629,0.5902091765905232,0.5891022222222222,0.6200730196356135,0.5934567901234568,0.5915061678463094
0.2385786802030456,0.5853676503137074,0.5834844444444445,0.5709055660009741,0.5857481481481481,0.5859227053140097
0.2893401015228426,0.5945568501158309,0.5830133333333334,0.578858455611061,0.5855407407407407,0.5839744444444445
0.2741116751269035,0.5806844401788415,0.5855111111111112,0.5934438823668151,0.5859555555555556,0.5887393939393939
0.2842639593908629,0.5823873627353467,0.5831555555555555,0.6107155125770953,0.5774370370370371,0.5802949494949495
0.350253807106599,0.6089464993120641,0.5878933333333334,0.6473903530810314,0.5898074074074073,0.5989522222222222
0.2588832487309644,0.6333246957937406,0.5833600000000001,0.6027211765146344,0.5886814814814814,0.6011671497584541
0.3553299492385787,0.5413756077858815,0.5642133333333333,0.5816188882862624,0.5612054580896686,0.5579745571658615
0.2588832487309644,0.5332509261574997,0.5662222222222222,0.5633790331879719,0.5624499025341131,0.5648859531772575
0.3553299492385787,0.5414847480419678,0.56096,0.6487545577218886,0.5585037037037037,0.5605839847752891
0.2791878172588832,0.6049135409060138,0.5710755555555556,0.5888162078174203,0.569837037037037,0.5850271330500163
0.248730964467005,0.5655723940248435,0.5708622222222222,0.5911071995469401,0.5674666666666667,0.5747192865105909
0.1725888324873096,0.5892911908443116,0.5698666666666666,0.5883787124314174,0.5659224951267057,0.5707859531772576
0.2081218274111675,0.5721093227956126,0.5726311111111111,0.5623789300658328,0.569359955444166,0.5697362962962963
0.1421319796954314,0.5829283761521867,0.5752799999999999,0.5841189146938697,0.5740202729044833,0.5783227053140096
0.2791878172588832,0.5663980083878032,0.5705955555555555,0.6137980001674769,0.569575828460039,0.5656882608695653
0.2182741116751269,0.5992250569851176,0.5799022222222222,0.5875352973246818,0.5806573099415204,0.578577250768555
0.3604060913705584,0.582012789381887,0.5727644444444444,0.5917042539754604,0.5729333333333333,0.5710658385556104
0.299492385786802,0.5513333583938771,0.5707555555555556,0.5632951362180436,0.5718666666666666,0.5776333333333333
0.2893401015228426,0.59633401105398,0.5774933333333333,0.6176656398682883,0.5760148148148148,0.5770338164251207
0.3299492385786802,0.5742047187542978,0.5764977777777778,0.6227576367770541,0.5781185185185185,0.5782515942028985
0.299492385786802,0.5661124333963907,0.5744355555555556,0.6412449454791678,0.5720444444444444,0.57104
0.1218274111675127,0.629617720953903,0.5829866666666667,0.6102630158279636,0.585437037037037,0.5775393939393939
0.2842639593908629,0.6255144572090038,0.5767377777777778,0.6877628843147511,0.581674074074074,0.5892444444444445
0.2030456852791878,0.5938280199700574,0.5780355555555556,0.6281288671032688,0.5781832358674464,0.5749583955496999
0.2538071065989847,0.6052129785737532,0.5764266666666666,0.6114161610022979,0.5772647173489278,0.5719564090177134
0.2233502538071066,0.5710913327739372,0.5843377777777778,0.6439568987786699,0.5867481481481481,0.5922070707070707
0.2690355329949238,0.5739791054510678,0.5682044444444445,0.6330593437926373,0.5721091617933722,0.5673987995901039
0.2842639593908629,0.6114338064645672,0.577048888888889,0.6000381003852324,0.5798,0.5727415942028985
0.3197969543147208,0.5787841946660139,0.5758311111111112,0.6012431093897266,0.5771703703703703,0.5735997423510467
0.3197969543147208,0.5830472331607811,0.5736711111111111,0.628879154565801,0.5748888888888888,0.5706664090177134
0.2893401015228426,0.5880015285891289,0.5744533333333334,0.6259946720397853,0.5731037037037037,0.5695552979066023
0.233502538071066,0.5966722245149291,0.57704,0.5984848334568915,0.5741777777777778,0.5634855555555556
0.3197969543147208,0.5498166021076077,0.5796622222222222,0.6064112454877132,0.5797037037037037,0.5826356902356902
0.2639593908629442,0.5489596562019522,0.5733155555555556,0.6087826346294027,0.570637037037037,0.5660222222222222
0.2284263959390862,0.5632624042012714,0.5800177777777779,0.5730539661759938,0.5762666666666666,0.5703333333333334
0.2690355329949238,0.5668359124596668,0.5695911111111112,0.6184995952222277,0.5696,0.5695227053140097
0.299492385786802,0.6351820913744214,0.5808711111111111,0.6140569552312772,0.5827276803118908,0.5854486312399355
0.4111675126903553,0.622604596235456,0.5871644444444445,0.599524603700887,0.5918424951267056,0.59214968095275
0.2436548223350254,0.5528821685718274,0.571351111111111,0.6399729286926326,0.5753777777777777,0.5670348392192602
0.4416243654822335,0.6229054993688292,0.5850577777777779,0.6339935879984795,0.5896449642625081,0.5893552305665349
0.2284263959390862,0.6201992863414951,0.5815822222222223,0.6184479096432776,0.5806666666666667,0.5783404830917874
0.2588832487309644,0.5909360309561679,0.5819911111111111,0.5968126223251582,0.5816592592592592,0.5804511111111111
0.1624365482233502,0.5577662340248735,0.582488888888889,0.604742159030945,0.5861629629629629,0.5819797979797979
0.3807106598984771,0.589421959796521,0.59072,0.5957861665026356,0.5916444444444444,0.5962111111111111
0.2791878172588832,0.6016148780673151,0.5903200000000002,0.6659471814871593,0.5905185185185184,0.5932622222222222
0.2842639593908629,0.6226077374332321,0.5840355555555556,0.7805156380452503,0.585274074074074,0.5934400000000001
0.2791878172588832,0.5977300009786158,0.5942844444444446,0.6177262546562904,0.5960202729044835,0.5936
0.3147208121827411,0.6064142784874844,0.5833600000000001,0.6204027042362894,0.5845387914230019,0.5793893719806763
0.3401015228426396,0.6490337960021513,0.5917155555555557,0.6268884182188016,0.5964296296296295,0.5911111111111111
0.365482233502538,0.6087600694199908,0.5811555555555556,0.6207058813610721,0.580911111111111,0.5722749275362319
0.3096446700507614,0.6049934908294631,0.5772622222222222,0.672053027208749,0.5765481481481481,0.5783671497584542
0.4010152284263959,0.5991563484503336,0.5816444444444445,0.6501039887321668,0.5823703703703703,0.5833066666666668
0.2741116751269035,0.6338540601563495,0.5864444444444444,0.7627449068254869,0.5868148148148147,0.5904
0.3248730964467005,0.6030229602352734,0.5838133333333334,0.6974141459959675,0.5825185185185184,0.5914844444444445
0.2842639593908629,0.6068512295180226,0.5914755555555556,0.6660904151914848,0.5875259259259259,0.58993
0.2081218274111675,0.6455461555928851,0.5837955555555556,0.8149091368107613,0.586474074074074,0.5860188888888889
0.2893401015228426,0.6501987728199108,0.5861422222222223,0.6726742652496678,0.5810814814814815,0.5835968253968253
0.3807106598984771,0.6610716877642586,0.5921777777777779,0.8531973539499496,0.5929777777777777,0.6024781144781145
0.3096446700507614,0.6374886574132276,0.5834933333333334,0.6484453790797559,0.5833814814814814,0.5800115942028986
0.3604060913705584,0.617220055314895,0.5845155555555556,0.660945548404616,0.582474074074074,0.5804296296296296
0.2182741116751269,0.5951657889869001,0.5792444444444445,0.5834176542244288,0.5787777777777777,0.5743671497584542
0.2284263959390862,0.5829063486236198,0.5827644444444445,0.6008250321096654,0.586237037037037,0.5848304830917874
0.299492385786802,0.5889845461785218,0.5884355555555557,0.5979047331263551,0.5922666666666666,0.5873638164251208
0.248730964467005,0.5878063292117642,0.5832,0.6101887429991614,0.5834962962962962,0.5815671497584541
0.2893401015228426,0.5680765082147154,0.5850044444444445,0.666406244700006,0.5832740740740741,0.589188888888889
0.3045685279187817,0.6063948249015827,0.5808,0.5912658430692364,0.5792074074074074,0.5752782608695652
0.1573604060913705,0.6056877806252846,0.5800177777777779,0.6311805664132468,0.580925925925926,0.578944927536232
0.4365482233502538,0.5656056474217472,0.5775022222222223,0.5812498323530444,0.5750962962962963,0.5788659259259259
0.2944162436548223,0.5919522889348771,0.5856800000000001,0.6379135104672264,0.5830074074074074,0.5799844444444444
0.3197969543147208,0.575950045285079,0.5856711111111113,0.6732481888582107,0.5854962962962962,0.5874222222222223
0.4111675126903553,0.5816714442062452,0.5841866666666667,0.6393346931100529,0.5826666666666666,0.5830855555555555
0.2284263959390862,0.6425920152415467,0.5852622222222222,0.8429823755475183,0.5872888888888887,0.5943288888888889
0.2741116751269035,0.5885495536205603,0.5876355555555556,0.5619109579332155,0.5934814814814814,0.5976727272727272
0.2893401015228426,0.5984244782955075,0.5897422222222223,0.5931691916158647,0.5872740740740741,0.594339393939394
0.416243654822335,0.5845564441203399,0.5813688888888888,0.6017017322505517,0.5805333333333333,0.582154248366013
0.2944162436548223,0.6070527633583754,0.589208888888889,0.663065099305519,0.5881037037037036,0.5955744444444444
0.4213197969543147,0.5694643326672335,0.5757155555555555,0.6029237787572346,0.5745555555555556,0.5699449275362319
0.3553299492385787,0.5643127301008466,0.5789066666666667,0.6170019808998378,0.5749333333333333,0.5794400000000001
0.2284263959390862,0.5807275381657759,0.5808,0.6114423478770618,0.5792148148148147,0.584728888888889
0.3401015228426396,0.6149136163954266,0.5855111111111111,0.6133891649213533,0.5866518518518518,0.5821373737373737
0.3248730964467005,0.6049105331762155,0.5868355555555556,0.6040908723617358,0.5853037037037037,0.58153
0.2690355329949238,0.604850319325934,0.593928888888889,0.5920986984102686,0.5989037037037036,0.5979555555555556
0.2791878172588832,0.5987661485328148,0.5886311111111111,0.6419147847859568,0.5808296296296296,0.5866222222222223
0.3401015228426396,0.5845472281399288,0.5773866666666667,0.6460474161312122,0.5753037037037037,0.5777893719806764
0.3604060913705584,0.5770868756294174,0.5779644444444445,0.6191427707288024,0.571274074074074,0.573265925925926
0.3197969543147208,0.5877991728719693,0.5824622222222223,0.6278804246520655,0.5821185185185185,0.5851111111111111
0.3045685279187817,0.6097779143264557,0.5820533333333333,0.6122889211284533,0.5821777777777778,0.5787744444444445
0.2538071065989847,0.570100919811241,0.5776444444444445,0.6242177825629387,0.5748740740740741,0.5788622222222223
0.2538071065989847,0.5946817170557828,0.5830844444444445,0.6091084568934534,0.5823407407407407,0.5823733333333334
0.365482233502538,0.5700609465068667,0.5813955555555556,0.6180938065175762,0.578562962962963,0.5824177777777778
0.1675126903553299,0.6287117511327512,0.5886222222222224,0.6250668587427929,0.5915111111111111,0.5925373737373737
0.4060913705583756,0.5962302074281736,0.5807555555555556,0.6017298902763628,0.5842888888888889,0.5906486312399356
0.2944162436548223,0.6256009908064978,0.5860088888888889,0.6348916462435378,0.5853135802469135,0.5896131313131313
0.2944162436548223,0.5980147010974763,0.5828800000000001,0.6647693991557432,0.5830444444444444,0.5788274358974359
0.3045685279187817,0.6031160170041858,0.5800444444444445,0.6849277061684653,0.5787629629629629,0.5752411111111111
0.3451776649746192,0.6010623161100815,0.5847555555555556,0.6243876198008834,0.5871753086419752,0.5812282828282829
0.3045685279187817,0.5784031249319693,0.5748977777777777,0.6047411873956937,0.5722888888888888,0.568986038647343
0.3197969543147208,0.5763113896008272,0.5824444444444444,0.6026822736053151,0.5818148148148148,0.5809732103645147
0.2639593908629442,0.589410746075427,0.5840977777777778,0.6191027635811263,0.5861777777777777,0.5783449275362319
0.3705583756345177,0.5899491753176325,0.5833777777777778,0.6184164264590123,0.5849037037037037,0.5796060606060606
0.3604060913705584,0.5781480507620639,0.5768444444444444,0.6225180489243911,0.5789382716049383,0.5706008534621578
0.3908629441624365,0.6311558754453601,0.5875911111111111,0.6159027526078091,0.5870962962962962,0.5766666666666667
0.3756345177664975,0.5677905989029506,0.5831466666666667,0.619727254804839,0.5792592592592593,0.5708
0.3908629441624365,0.6055781739906271,0.5843288888888889,0.598818915235553,0.584953086419753,0.5887090301003345
0.4213197969543147,0.5934334944236593,0.5774577777777777,0.6322656701006152,0.574111111111111,0.5645279189892234
0.3705583756345177,0.595300323203491,0.5813777777777778,0.5950122628903599,0.5826716049382715,0.5771966666666667
0.4467005076142132,0.5769398262634804,0.5756266666666666,0.6153287247256928,0.57599012345679,0.5679408871321915
0.3604060913705584,0.615346475421639,0.5852444444444445,0.6112083515257567,0.5839407407407406,0.5768177777777778
0.2893401015228426,0.5845676112382425,0.5847555555555555,0.5746473204193818,0.5849185185185185,0.5800040404040404
0.3045685279187817,0.6194745986796589,0.5857777777777778,0.6455296838899927,0.584,0.5798844444444445
0.3401015228426396,0.6090207070885149,0.5853155555555556,0.6025800281979905,0.5856592592592592,0.5805522222222222
0.3248730964467005,0.5941012663516635,0.5837333333333334,0.6553490196376899,0.5811851851851851,0.5906666666666667
0.2741116751269035,0.621718302039328,0.5869955555555556,0.6499306718906197,0.5847851851851852,0.5841077777777778
0.2233502538071066,0.615105824586431,0.5835644444444446,0.6526220852809821,0.5830518518518518,0.5822855555555556
0.2741116751269035,0.6368405347868121,0.5845777777777779,0.6618217590745258,0.5805037037037036,0.58184
0.3096446700507614,0.585027413491991,0.5815822222222223,0.6318742818121481,0.5801925925925926,0.5768188888888889
0.2538071065989847,0.619813103309885,0.585208888888889,0.6787830859526044,0.581037037037037,0.5854400000000001
0.2284263959390862,0.5941689944520502,0.5856711111111111,0.6316349328890454,0.5842222222222222,0.5879555555555556
0.3756345177664975,0.564459126349815,0.5773333333333334,0.5912137854385785,0.5757684210526316,0.5778733333333333
0.5177664974619289,0.5789565177192776,0.5775911111111112,0.6155879027550941,0.5763165692007797,0.5715997423510467
0.5939086294416244,0.5906354393459452,0.5779733333333333,0.6081911914843801,0.5795481481481481,0.57302307568438
0.5736040609137056,0.5918353605468225,0.5835555555555556,0.6230525869046297,0.5857679012345679,0.5752675201288245
0.4416243654822335,0.5967280940468275,0.5813422222222223,0.5908242660434787,0.5785259259259259,0.575096038647343
0.5329949238578681,0.5691666320115963,0.5768977777777777,0.6009365108349548,0.5778222222222222,0.5773765942028986
0.482233502538071,0.6085984976722719,0.5853066666666666,0.6188998950614777,0.5868148148148147,0.5880444444444445
0.5888324873096447,0.5847995537624915,0.5779022222222222,0.5585854633269726,0.5841185185185185,0.5819555555555556
0.5279187817258884,0.5770073700573465,0.5789155555555556,0.5611391912639057,0.5822962962962963,0.5830222222222222
0.5634517766497462,0.5708181272843589,0.5784533333333334,0.5973410541643627,0.5755407407407408,0.5736177777777778
0.5685279187817259,0.5416737997754378,0.5898222222222222,0.590489762778342,0.591911111111111,0.5911669841269842
0.4467005076142132,0.6112685373447737,0.5847911111111112,0.6032312424661457,0.5864493827160493,0.5802095693779904
0.5634517766497462,0.5641910971506543,0.58952,0.5448274409433124,0.5882207407407407,0.5937908844542991
0.5076142131979695,0.6065971320119784,0.5770666666666666,0.5611281140405248,0.5787407407407407,0.575396038647343
0.4771573604060913,0.6243187184745946,0.5829155555555556,0.6057801175922723,0.5836074074074074,0.5816182608695653
0.4923857868020304,0.5950254754787916,0.5842400000000001,0.598368481053136,0.5832296296296297,0.579796038647343
0.4314720812182741,0.5878907802666451,0.5839111111111112,0.6113454315610499,0.5884444444444443,0.5837971497584541
0.5076142131979695,0.5915806840690297,0.5841511111111112,0.5778693437874861,0.5850222222222222,0.5909182608695652
0.416243654822335,0.5536834129924001,0.5729422222222222,0.608030545514389,0.5710666666666667,0.5733449275362319
0.5329949238578681,0.5897837853960819,0.5794844444444445,0.6151453437299597,0.5773185185185185,0.5741627053140097
0.5736040609137056,0.5727084900639258,0.5872533333333334,0.5989382392127063,0.5871259259259259,0.5782888888888889
0.4720812182741117,0.6065838266728404,0.5907200000000001,0.5869005075986401,0.5939259259259259,0.5909744444444445
0.5634517766497462,0.5718645794126564,0.5828622222222223,0.5664915128891904,0.5867111111111111,0.5870620992534036
0.6345177664974619,0.5677418109086472,0.5769955555555556,0.5637268892811598,0.5768740740740741,0.5783288888888889
0.5786802030456852,0.6151142493996233,0.5881777777777778,0.5884288060497325,0.5906814814814815,0.5865333333333334
0.649746192893401,0.5655845317779407,0.5803022222222223,0.6062133178061914,0.5679407407407407,0.5705171717171718
0.5431472081218274,0.5496193707648203,0.5797155555555557,0.5539106172818915,0.579437037037037,0.5817616161616161
0.5380710659898477,0.5714033879542497,0.57328,0.6003669454509087,0.5699555555555555,0.5724622222222222
0.5329949238578681,0.5545912345623489,0.5814133333333334,0.5755183670097079,0.5849185185185185,0.5839872222222222
0.4314720812182741,0.5973649603109474,0.5814133333333333,0.6191420265260335,0.5818518518518518,0.5746971497584541
0.4568527918781725,0.532867575293433,0.5697688888888889,0.5782014763487596,0.5695851851851852,0.5732832440345484
0.4517766497461929,0.49716095462156723,0.57184,0.5085106240284434,0.5773481481481482,0.5813122053872054
0.5177664974619289,0.5421520482122323,0.5694222222222223,0.562588269590514,0.5726666666666667,0.5740855387205387
0.5939086294416244,0.5282030745737136,0.5808977777777778,0.5579375822459074,0.5769777777777778,0.5741838383838384
0.467005076142132,0.5568442028416525,0.5762666666666667,0.6077435454199971,0.5808592592592593,0.5816177777777778
0.6091370558375635,0.554410919599581,0.5686222222222221,0.5767916390190674,0.5712592592592592,0.5639555555555555
0.482233502538071,0.6017638600391607,0.5819555555555556,0.6463988558090376,0.5821481481481481,0.5930622222222222
0.5583756345177665,0.6311761660383715,0.59272,0.6039497680267384,0.596637037037037,0.6037333333333332
0.5685279187817259,0.5909098190093057,0.5889244444444446,0.6030697005044761,0.5845925925925926,0.5880538888888889
0.6548223350253807,0.5314128755405423,0.5876,0.5580535972156324,0.5866222222222222,0.5879027777777778
0.6903553299492385,0.5533414087090872,0.5834400000000001,0.5790041594861178,0.578962962962963,0.5815288888888889
0.4365482233502538,0.5467200548176951,0.5793511111111112,0.5822962301016292,0.5751703703703703,0.5776060606060606
0.5329949238578681,0.6098745122592396,0.5822666666666667,0.649459309311791,0.5771703703703703,0.5784282828282828
0.5888324873096447,0.6255645660835754,0.5823644444444445,0.6905857240460694,0.5838666666666666,0.5834855555555556
0.4771573604060913,0.5580417610028956,0.5822755555555557,0.5764096423880672,0.5838666666666666,0.5912843214756258
0.4720812182741117,0.5716197175434298,0.5794044444444444,0.5588173133483901,0.5824148148148147,0.5812411111111111
0.4873096446700508,0.581367183602485,0.5853066666666666,0.6367699060818133,0.5850222222222221,0.580986038647343
0.5126903553299492,0.5642678772678889,0.5770844444444445,0.6282666395862535,0.5772296296296296,0.57704
0.5634517766497462,0.5880133602106907,0.5773422222222223,0.6226506942449149,0.5764888888888888,0.5750399107012151
0.4568527918781725,0.5654974949720013,0.5771911111111111,0.5932723905423136,0.5778962962962962,0.5767404830917875
0.5482233502538071,0.5824862002320795,0.5871999999999999,0.5724961065826465,0.5849925925925925,0.5844622222222223
0.3705583756345177,0.5555852265276314,0.5820977777777778,0.568379762081035,0.5782666666666667,0.5819511111111111
0.583756345177665,0.6085511197502986,0.5802311111111111,0.5933740526090535,0.5780197530864197,0.5794733333333333
0.4974619289340101,0.5792351615822406,0.5738222222222222,0.5919676986657041,0.5752647173489279,0.5734696838715145
0.5076142131979695,0.5931549864840164,0.58128,0.6146497644238375,0.5799165692007797,0.5773732103645147
0.5583756345177665,0.6097416607089479,0.5875022222222223,0.5873143237871739,0.5855703703703703,0.5863669841269841
0.467005076142132,0.5680579271135298,0.5771555555555555,0.611177534642893,0.5786962962962963,0.5726071497584542
0.4213197969543147,0.5610334337847223,0.5755555555555556,0.5950559737440695,0.5767851851851852,0.5751293719806764
0.5329949238578681,0.5641480299626771,0.584728888888889,0.6160457458112386,0.5824148148148148,0.5832282828282829
0.4873096446700508,0.5503193901826688,0.5807377777777778,0.6143672261395565,0.570962962962963,0.5721616161616162
0.5685279187817259,0.6014861515169346,0.5807644444444445,0.6472698278238169,0.5745481481481481,0.5733023569023569
0.4467005076142132,0.5976194010642976,0.5875111111111112,0.6432966183955316,0.5835259259259259,0.5829855555555555
0.4974619289340101,0.5902478405858074,0.5830933333333334,0.6569926899419627,0.5828074074074074,0.5827723634336678
0.4720812182741117,0.573173427736102,0.5750666666666666,0.5909571314217648,0.57288,0.5724738164251209
0.4314720812182741,0.5890875130631449,0.5756888888888889,0.6210890989476437,0.5781037037037037,0.5790782608695653
0.482233502538071,0.5638142857424973,0.5734755555555555,0.5876370607590362,0.5766666666666667,0.5811671497584541
0.4010152284263959,0.5581613151882676,0.5743644444444445,0.5596514074063987,0.5797037037037037,0.5880738164251208
0.3959390862944162,0.4918998252324084,0.5687644444444444,0.5473888947879153,0.5729481481481481,0.5752506514419558
0.4060913705583756,0.5977832206212846,0.5750133333333334,0.6606135726850368,0.5769333333333333,0.5770620992534036
0.4010152284263959,0.572596555620469,0.5768355555555555,0.6437993633986079,0.5750814814814814,0.5783732103645147
0.3604060913705584,0.580211469153375,0.5784355555555556,0.6314210537834148,0.5750666666666666,0.5743849275362319
0.4923857868020304,0.5769459206967612,0.5721866666666666,0.6250121669799114,0.5715111111111111,0.5729627053140096
0.4974619289340101,0.5883383761306004,0.5729333333333333,0.6045436016854855,0.5758666666666666,0.580056038647343
0.4010152284263959,0.5768867436059211,0.5699022222222222,0.5939029515932914,0.5722518518518518,0.5765893719806764
0.4568527918781725,0.5631497513454715,0.5671911111111111,0.6024365801877878,0.5684888888888888,0.5760115942028985
0.3857868020304568,0.5561868427009478,0.5710844444444445,0.6035880081160954,0.5693239766081871,0.5646782608695652
0.482233502538071,0.5669828271496622,0.5768266666666667,0.6011576871511007,0.5801925925925926,0.5794515942028986
0.4974619289340101,0.6274122520018982,0.5891111111111111,0.6104544942475254,0.5909777777777778,0.5886888888888889
0.4873096446700508,0.5933851867259005,0.5831555555555556,0.5900813328474676,0.581274074074074,0.5749844444444444
0.4365482233502538,0.5920310560728846,0.5767288888888888,0.6296770990630308,0.5748202729044835,0.5727738164251208
0.5126903553299492,0.6155675563259799,0.5813688888888889,0.5984538362701812,0.5852054580896686,0.5791264180511371
0.5228426395939086,0.6028108866933003,0.5781777777777778,0.6156357373955651,0.5790424951267057,0.5802782608695652
0.4923857868020304,0.5634260713072835,0.5696622222222222,0.6222680700432376,0.5651555555555556,0.5660738164251208
0.3553299492385787,0.5595483481870618,0.5695733333333333,0.6454769202834616,0.5665481481481481,0.5682515942028985
0.4923857868020304,0.5678145152802081,0.57928,0.6000581213100099,0.5783407407407407,0.5745171717171716
0.482233502538071,0.5442737210980835,0.5830755555555557,0.6201750800619305,0.5800202729044834,0.575250505050505
0.482233502538071,0.5846117486250104,0.5768088888888888,0.5927423961862556,0.5755313840155944,0.5776441867954911
0.3604060913705584,0.5593662210482444,0.5697688888888889,0.5954436446731765,0.5681777777777778,0.5682486312399355
0.4213197969543147,0.5456904500105444,0.5684266666666666,0.5861566900695717,0.5728592592592592,0.5822041867954911
0.4771573604060913,0.5580899069845844,0.5751377777777777,0.6029177928439228,0.5714888888888888,0.5731404830917874
0.4771573604060913,0.5492602534646288,0.5694577777777777,0.5795070924833211,0.5708,0.5752293719806764
0.4314720812182741,0.5777228588061204,0.575608888888889,0.6298888368785406,0.5750518518518518,0.5731108534621578
0.4771573604060913,0.5962367302350686,0.5875733333333334,0.5328168728995952,0.5827259259259259,0.5864444444444444
0.4619289340101523,0.5701883811989013,0.5741955555555556,0.6250431343418341,0.5668296296296296,0.5730437037037037
0.2182741116751269,0.5537317526035147,0.5832088888888889,0.6289463357527819,0.5792592592592593,0.5861037037037037
0.482233502538071,0.5688964801527041,0.5837955555555556,0.6412762402628641,0.5813536062378166,0.5793732103645147
0.5329949238578681,0.5714672116408637,0.5686933333333333,0.6115465476892099,0.5677481481481481,0.5741330756843801
0.4213197969543147,0.5550114160233244,0.5735022222222222,0.6326860051088626,0.5692148148148148,0.5744708534621578
0.4263959390862944,0.5815606960953306,0.5749866666666666,0.6219504591477757,0.577,0.5737182608695652
0.3908629441624365,0.5829232800485223,0.5735466666666666,0.6085327708218604,0.5705975308641975,0.5718515942028985
0.3553299492385787,0.5501939095266435,0.5760355555555556,0.6394702771216542,0.5739481481481481,0.5708538449151492
0.4263959390862944,0.5992712315121398,0.5762577777777778,0.6005415068516557,0.5751777777777778,0.5759108534621579
0.4467005076142132,0.5840124309522514,0.5721955555555556,0.6203169746862922,0.5676518518518519,0.568549001610306
0.3857868020304568,0.5607715826102748,0.5689511111111111,0.6157258418793727,0.5676948148148148,0.5718930756843801
0.4517766497461929,0.580643674348257,0.5690044444444444,0.642022131252006,0.5645481481481481,0.5685152979066023
0.482233502538071,0.5953102162628757,0.5710577777777778,0.6267496987309875,0.5718,0.5672843551456594
0.482233502538071,0.5857149194280566,0.5734044444444444,0.630701805046701,0.5687111111111111,0.5720592592592593
0.5025380710659898,0.5681832375276535,0.5767733333333334,0.6384437589529008,0.5782666666666667,0.575467149758454
0.4923857868020304,0.586001894614155,0.5812266666666667,0.6228297318418905,0.5817239766081871,0.5772288888888889
0.4923857868020304,0.5885047594725731,0.5778933333333334,0.6386732254915525,0.577437037037037,0.5777893719806764
0.4416243654822335,0.608216846252974,0.5797066666666667,0.6459605727849174,0.5836888888888888,0.5880204830917874
0.5939086294416244,0.5718552864962765,0.5823377777777778,0.6176866769627465,0.5786518518518519,0.5746188888888889
0.5634517766497462,0.6051042802585934,0.5831288888888889,0.6572513030007177,0.5856888888888889,0.5932375501042167
0.5177664974619289,0.5550433994858843,0.5809511111111112,0.672901164631743,0.5815259259259259,0.5794790764790765
0.4619289340101523,0.5694009418092522,0.5832266666666667,0.6089910287008974,0.5885037037037036,0.5853393939393939
0.4467005076142132,0.6005254812118127,0.5842133333333334,0.5886085620630266,0.5855925925925926,0.5828077777777778
0.4517766497461929,0.5789452411501104,0.5785777777777779,0.5762371182581356,0.5781851851851851,0.5722486312399356
0.5025380710659898,0.5896476549058411,0.5804355555555556,0.6055590272672665,0.5794444444444444,0.575096038647343
0.3908629441624365,0.6068533849669021,0.5807911111111111,0.6169589592726861,0.5816148148148148,0.577821964573269
0.4010152284263959,0.5987768349427326,0.5791733333333333,0.6352157333012767,0.580637037037037,0.5776441867954911
0.4314720812182741,0.5791413186305625,0.5797511111111111,0.5979826289289517,0.5761333333333333,0.5749362962962963
0.4416243654822335,0.6255809842637459,0.5835111111111111,0.7015653978534262,0.5822129629629629,0.5867555555555556
0.4060913705583756,0.6285858259469698,0.5811822222222223,0.637551087965977,0.5827703703703703,0.5831851851851851
0.3807106598984771,0.5855403475947694,0.577031111111111,0.6149648143741477,0.5749688888888889,0.5785893719806763
0.4213197969543147,0.5942528459798954,0.5794755555555555,0.6182102339329842,0.5820148148148148,0.5790962962962962
0.5329949238578681,0.5805422757118793,0.5742933333333333,0.6235168961327987,0.5762962962962962,0.5717193719806763
0.4568527918781725,0.5776909202581213,0.5740088888888889,0.5952456915266656,0.57288,0.5708115942028985
0.4517766497461929,0.5765618446064285,0.5723377777777777,0.6127036319322027,0.5712148148148147,0.5700041867954911
0.4416243654822335,0.5871705494142062,0.5809777777777778,0.6094125635731251,0.5760592592592593,0.5749152979066022
0.4010152284263959,0.5886631711647972,0.5784266666666666,0.6256604611754244,0.5757037037037037,0.5774814814814815
0.5126903553299492,0.5996071659185144,0.5727733333333334,0.6122443220672826,0.5724666666666667,0.5663404830917874
0.482233502538071,0.5741116374030297,0.57136,0.580397196337952,0.5716444444444444,0.5741449275362319
0.4365482233502538,0.5770752185433546,0.5735911111111112,0.5923032135000501,0.5734444444444444,0.567696038647343
0.3604060913705584,0.5909452992587233,0.5751911111111111,0.6334015480121611,0.5725037037037037,0.5673775201288245
0.4771573604060913,0.5988788943355625,0.5778844444444444,0.6004521158742746,0.5751111111111111,0.5726666666666667
0.3756345177664975,0.5914028193252892,0.5768888888888889,0.5868883745555462,0.5778567901234567,0.5859552979066023
0.5076142131979695,0.5928805385341727,0.5961866666666666,0.5972280217803384,0.5964499999999999,0.6022148148148148
0.4213197969543147,0.6253045582004311,0.5844622222222222,0.6426029352698229,0.5857827160493827,0.5827279189892234
0.4619289340101523,0.5940985509096969,0.5857866666666667,0.6434487594081062,0.5863481481481481,0.5933274358974359
0.482233502538071,0.5895748420851986,0.5748977777777777,0.6185566844912223,0.5721851851851851,0.5721638164251207
0.482233502538071,0.5923089575205488,0.5773955555555556,0.6043987171591872,0.5795012345679011,0.5753753535353535
0.4873096446700508,0.5775521425538261,0.5757333333333333,0.609211488303816,0.5739851851851852,0.5719108534621579
0.649746192893401,0.5742818845176525,0.5784622222222222,0.6023990494175769,0.5733037037037036,0.5713616161616162
0.467005076142132,0.6059311237108899,0.5769866666666666,0.5753944061617534,0.5781703703703702,0.581186038647343
0.3857868020304568,0.5971835114065754,0.5769333333333333,0.5909494828550804,0.5795629629629628,0.5692304830917875
0.5025380710659898,0.5636070647090181,0.5773955555555556,0.5931959733140926,0.5745086419753086,0.579195432586737
0.5025380710659898,0.570122733263805,0.5783022222222222,0.614559212398222,0.5784888888888889,0.5764
0.4517766497461929,0.6086244778869696,0.5824977777777778,0.6406836636515789,0.5853481481481481,0.5812749275362319
0.4314720812182741,0.5882064876395083,0.5775466666666667,0.6154490067398252,0.5762592592592592,0.5729627053140096
0.4873096446700508,0.5937707328846337,0.57544,0.6206554509786673,0.5778148148148148,0.5701337378617088
0.4771573604060913,0.5671660154455858,0.5716266666666666,0.6219332712844197,0.5716370370370369,0.5745775201288245
0.5482233502538071,0.5839268379768143,0.5764977777777778,0.5922817918568962,0.5771111111111111,0.57253307568438
0.4923857868020304,0.5909936155028344,0.5803200000000001,0.6218746964495732,0.5808148148148148,0.5765182608695653
0.4517766497461929,0.5748811864555525,0.5775377777777777,0.6194530371203324,0.5753234567901234,0.5692441867954912
0.5279187817258884,0.5801937397363275,0.5800444444444445,0.6005883119392842,0.5811259259259259,0.5719744444444445
0.3756345177664975,0.5982881972234526,0.5815377777777778,0.6002724646031407,0.5826296296296296,0.57693307568438
0.4873096446700508,0.5858848948656399,0.5762577777777778,0.6164822795377188,0.5742296296296295,0.5698515942028985
0.4263959390862944,0.626494277169375,0.5840177777777779,0.6012039198453091,0.5862222222222222,0.58648016563147
0.3908629441624365,0.615035947647582,0.5827733333333334,0.5794186310035082,0.582548148148148,0.5790633333333334
0.5431472081218274,0.5692020262491173,0.5740888888888889,0.5999633952755501,0.5681703703703703,0.5724659259259259
0.4213197969543147,0.576110525819301,0.5746044444444445,0.6311973991292646,0.5735407407407407,0.5782486312399356
0.4619289340101523,0.5691380012415614,0.5769422222222222,0.6056233949785109,0.5723456790123457,0.5738437037037037
0.5279187817258884,0.548084104495879,0.5797777777777777,0.6333127113626651,0.5758222222222222,0.5787171717171717
0.4010152284263959,0.5674573790248213,0.5743111111111111,0.6332822991315376,0.5690666666666666,0.5736925925925926
0.4060913705583756,0.581653178693347,0.5779733333333333,0.6434984486409463,0.5724888888888889,0.5750881481481481
0.365482233502538,0.5781971314553641,0.5714577777777777,0.6325479012880951,0.5665333333333333,0.5703108534621578
0.4111675126903553,0.562193078844426,0.5747288888888888,0.6096320312663576,0.5732493827160493,0.5678042204655248
0.4365482233502538,0.5889948636479029,0.5769066666666667,0.5916021878079926,0.5733234567901234,0.5747552979066023
0.4467005076142132,0.5865464305388842,0.5788266666666667,0.6056325952868458,0.5710074074074074,0.5744622222222222
0.4416243654822335,0.5776628001010053,0.5750222222222222,0.595993113964283,0.5731308641975309,0.5733193719806763
0.4467005076142132,0.5628012907185677,0.5772444444444444,0.6152142307321694,0.5714419753086419,0.5746881481481482
0.3959390862944162,0.579684474898734,0.5766933333333333,0.6157279904202225,0.5751481481481482,0.5692008534621578
0.3350253807106599,0.594571470114002,0.5786311111111111,0.5927207696334041,0.5754123456790123,0.5773071497584541
0.5736040609137056,0.589676889095729,0.5741244444444444,0.6047553836577148,0.5721185185185185,0.5764402979066022
0.4416243654822335,0.5946162691999047,0.5808177777777778,0.5972399015878813,0.5807851851851851,0.5813152979066023
0.4416243654822335,0.5671195624259243,0.57768,0.6232752991516082,0.5702814814814815,0.5696955555555556
0.467005076142132,0.5795346715441716,0.5730666666666667,0.6198518470188534,0.5697333333333333,0.5707881481481482
0.5583756345177665,0.5970346070679219,0.5781066666666667,0.6289856907811608,0.5780938271604938,0.5698008534621578
0.5431472081218274,0.5720710870886404,0.5781955555555556,0.5960235059994375,0.5727111111111112,0.568151111111111
0.4314720812182741,0.5933285622656497,0.5740266666666667,0.5820382812234839,0.5746296296296296,0.5706971497584541
0.5329949238578681,0.5653966134883587,0.5689422222222222,0.6174505761919686,0.5676074074074073,0.5648293719806763
0.4619289340101523,0.5752908899934532,0.5757511111111111,0.593153414775792,0.5763629629629629,0.5722486312399356
0.416243654822335,0.6057335859103656,0.5786222222222223,0.6289866002628602,0.578474074074074,0.572725925925926
0.4111675126903553,0.597757166268289,0.5791288888888889,0.6079073725689651,0.5794271604938271,0.5718082608695653
0.4314720812182741,0.564835152582696,0.5751555555555555,0.6179224345986587,0.5773975308641974,0.5720855555555555
0.4365482233502538,0.5937146312388213,0.5818933333333334,0.6250927235655681,0.5815753086419753,0.5729777777777778
0.482233502538071,0.580104944241931,0.5694400000000001,0.5958733205642495,0.5701999999999999,0.574711964573269
0.4365482233502538,0.5744149490863077,0.5758311111111111,0.6175561949874537,0.5738419753086419,0.5686042204655248
0.4517766497461929,0.5960918955035948,0.5760355555555555,0.5752005224579344,0.572316049382716,0.5743119645732689
0.4619289340101523,0.5788186769238829,0.5737244444444444,0.6232923589923854,0.572037037037037,0.5676008534621578
0.4060913705583756,0.5687657075440675,0.5708088888888889,0.6045798156580714,0.5691185185185185,0.5639997423510468
0.467005076142132,0.5395581178347468,0.5822488888888889,0.6053130232159138,0.5808888888888888,0.586239393939394
0.4619289340101523,0.5751562812722345,0.5718044444444444,0.6186507147102335,0.5714666666666667,0.5712886312399356
0.4720812182741117,0.5881172053996073,0.5756088888888888,0.607530738154527,0.5756938271604938,0.5795325925925926
0.5329949238578681,0.568038367491533,0.5799555555555556,0.6195479634625753,0.5838424951267056,0.5769469477382521
0.482233502538071,0.5671854900609284,0.5798311111111111,0.6195479634625753,0.5836350877192982,0.5769469477382521
0.4010152284263959,0.5759285537666619,0.5775733333333333,0.6107862457617419,0.5780790123456789,0.5809182608695652
0.3604060913705584,0.573817963127908,0.5781866666666667,0.6243020796138785,0.5732074074074074,0.5687604325304325
0.5025380710659898,0.5978286395678035,0.5822844444444445,0.6049016320771268,0.5829777777777777,0.589828888888889
0.5989847715736041,0.5729082738384337,0.5728088888888889,0.585299270814116,0.570725925925926,0.5610071497584541
0.467005076142132,0.5677794088866885,0.5826222222222223,0.5929201050531598,0.5803906432748538,0.5845400000000001
0.4568527918781725,0.5746381782598068,0.57776,0.597403283390912,0.5750962962962963,0.5694177777777778
0.4467005076142132,0.5584443115867438,0.5775466666666667,0.5962744350613429,0.5725407407407408,0.5742515942028985
0.4416243654822335,0.5932813649681951,0.5758933333333334,0.6223422009113427,0.5729481481481481,0.5666505050505051
0.4619289340101523,0.5496941950190671,0.5753155555555556,0.5872724430556003,0.5734419753086419,0.571850505050505
0.4416243654822335,0.5843406308927066,0.5759555555555556,0.5834708645714681,0.5743313840155945,0.5688527053140097
0.416243654822335,0.5593851959562705,0.5754577777777777,0.5760509077275342,0.5755604938271605,0.57093307568438
0.4568527918781725,0.5728448990810495,0.5714933333333334,0.6259709525829416,0.573575828460039,0.5641247591860635
0.5228426395939086,0.5807173307262725,0.5774311111111111,0.5847929848115864,0.5759313840155946,0.5760293719806764
0.3807106598984771,0.566797812052244,0.5789155555555556,0.621412172135501,0.5781407407407407,0.574706543697848
0.4568527918781725,0.553914332767475,0.5715733333333334,0.5993658881709757,0.5726888888888889,0.5690610218123262
0.4010152284263959,0.5516408225957137,0.5729422222222222,0.592299603872469,0.5722296296296296,0.5671108534621578
0.5228426395939086,0.5808571905353712,0.5811111111111111,0.6401334016247008,0.5819308641975308,0.5748815151515152
0.4873096446700508,0.5636881118231059,0.5691111111111111,0.6043908167540156,0.5720888888888889,0.571986038647343
0.4974619289340101,0.5996110730296687,0.5817955555555556,0.6515236111538918,0.5806,0.5833575149488193
0.5177664974619289,0.5393457687462385,0.5729244444444445,0.6002433977205348,0.5804296296296296,0.5778621329234372
0.5177664974619289,0.5992276346827805,0.5885511111111111,0.6473268826969358,0.5892296296296295,0.5922856847545219
0.3857868020304568,0.5749431597372738,0.5775288888888889,0.6423520514365582,0.5779777777777777,0.5707723634336678
0.482233502538071,0.5784093722750148,0.57824,0.6254730359009248,0.5791555555555555,0.5766897423510468
0.4974619289340101,0.5442075283728466,0.5699466666666667,0.5877269019094471,0.5674888888888888,0.5644897423510467
0.4467005076142132,0.541952501660117,0.5693688888888889,0.5782677249274792,0.5685407407407407,0.5669786312399356
0.4517766497461929,0.5726921552686187,0.5765955555555555,0.6304300647257028,0.5803259259259259,0.5762082608695652
0.4619289340101523,0.6129976701411469,0.58752,0.6615931103177435,0.5890234567901235,0.5872779189892233
0.4467005076142132,0.5972464397126352,0.5835377777777778,0.6444704774210727,0.5827925925925925,0.5751732103645147
0.482233502538071,0.5537940072151637,0.5696622222222222,0.5893663582108658,0.5699259259259258,0.5758122222222222
0.4517766497461929,0.6165348293914197,0.5819555555555556,0.5965475221572979,0.5850074074074073,0.5787777777777777
0.5228426395939086,0.5807563586515743,0.5766577777777777,0.6111208631227389,0.5781259259259259,0.5725627053140097
0.4873096446700508,0.6176429171641666,0.5798577777777777,0.5961981976460308,0.5801925925925926,0.5753182608695653
0.3807106598984771,0.5392320576211787,0.5720088888888889,0.5885816540731253,0.5718074074074074,0.5731247423510467
0.5634517766497462,0.623649263479612,0.5851555555555555,0.6505822486039118,0.5938518518518517,0.6060060606060605
0.5177664974619289,0.5902030681514714,0.5701066666666667,0.6363219177423751,0.5744592592592592,0.5855622222222222
0.416243654822335,0.5858789219336479,0.5747377777777778,0.6327898789502984,0.5762814814814814,0.5763849275362319
0.4923857868020304,0.5895444917163987,0.5774933333333333,0.6069951752022996,0.5724296296296296,0.5746505050505051
0.4263959390862944,0.6528169935425816,0.5807288888888889,0.5946772431788084,0.5849333333333332,0.5837644444444444
0.4467005076142132,0.6131482651265923,0.5742755555555555,0.637707933757345,0.570174074074074,0.5709548148148148
0.4060913705583756,0.6017526103099774,0.5745333333333333,0.6215771756531829,0.5769555555555554,0.5757849275362319
0.416243654822335,0.6079472718544067,0.5895733333333334,0.6017981491883234,0.5916054580896686,0.5828777777777777
0.350253807106599,0.6183637812143398,0.5794044444444444,0.6349941304258939,0.5789980506822612,0.5737925925925926
0.4568527918781725,0.5861211364610068,0.5744177777777777,0.611206639490997,0.5732074074074074,0.5714881481481482
0.4416243654822335,0.586146064416371,0.57264,0.5831391585891,0.5726222222222221,0.5739819645732689
0.4314720812182741,0.6039320523729457,0.5863022222222223,0.5853932424708717,0.5855906432748538,0.5844520923520924
0.5482233502538071,0.6147893097869209,0.5870844444444445,0.61759192123286,0.58468693957115,0.5828444444444444
0.6802030456852792,0.5880405470880208,0.5794577777777778,0.5787112181367714,0.5755555555555556,0.5788444444444444
0.5228426395939086,0.6003737449269777,0.5712533333333333,0.5954689228699755,0.5712943469785574,0.5651466666666667
0.365482233502538,0.6257569938617742,0.5846666666666667,0.6108272976300984,0.5873777777777777,0.580186038647343
0.4923857868020304,0.5816779702241504,0.57696,0.6253807910678119,0.5711555555555556,0.5693509881422925
0.5685279187817259,0.5805387501177909,0.5730133333333333,0.6425782419296501,0.5728148148148148,0.5634666666666667
0.583756345177665,0.5958613412095469,0.5842666666666667,0.5817763729188098,0.5809333333333333,0.5805333333333333
0.5177664974619289,0.562323959100498,0.5652,0.5752522712647449,0.5603906432748538,0.5570210218123262
0.4619289340101523,0.5879056253369858,0.5742755555555555,0.6184312843668196,0.5698573099415205,0.5704738164251207
0.4467005076142132,0.6018460860514748,0.5728355555555555,0.6080319590420113,0.5693037037037036,0.5688886312399356
0.5329949238578681,0.5963220723367036,0.5734044444444444,0.6010798540257589,0.5693387914230019,0.57093307568438
0.4619289340101523,0.5661831299657385,0.5800088888888889,0.5792086329369124,0.5772795321637427,0.5773999999999999
0.4010152284263959,0.5901254664518858,0.5728,0.5784534743337197,0.5729091617933723,0.5700008534621579
0.4517766497461929,0.5583477357729151,0.5696533333333333,0.558868397166455,0.567037037037037,0.5597955555555556
0.5177664974619289,0.5947814938127206,0.5818666666666666,0.5867858913518732,0.5756592592592593,0.5713955555555555
0.467005076142132,0.5922294648809695,0.5742488888888888,0.5892921175005124,0.5670962962962963,0.5641955555555556
0.4923857868020304,0.582727034423297,0.57696,0.6156490066371598,0.5760350877192982,0.5871727272727273
0.5279187817258884,0.6086695614038868,0.5786399999999999,0.6174712907074646,0.5797925925925925,0.5897844444444444
0.4467005076142132,0.61799834985936,0.5771644444444445,0.5828597653942945,0.5781999999999999,0.5711749275362319
0.4873096446700508,0.6321061733507093,0.5849244444444444,0.5888593413579626,0.5838666666666666,0.5822666666666666
0.3908629441624365,0.6015033928734398,0.5755377777777777,0.655423629865413,0.5723407407407407,0.5775888888888889
0.4517766497461929,0.5878544946301985,0.57624,0.6063213242869575,0.5715407407407408,0.5741814814814815
0.3807106598984771,0.6203349410475915,0.5862488888888889,0.6238939894536545,0.5849091617933723,0.5829559259259259
0.5279187817258884,0.5953029199106892,0.5730222222222222,0.633108519152236,0.5745481481481481,0.5743716498316498
0.4517766497461929,0.5861640152656916,0.5743111111111111,0.6102685387508607,0.5717555555555555,0.5754448148148148
0.5228426395939086,0.6154915193838548,0.5766755555555556,0.6094103357619827,0.5751721247563353,0.5703119645732689
0.5126903553299492,0.6165190649899244,0.5821688888888888,0.5910785082395851,0.5841679012345679,0.5743077777777778
0.5126903553299492,0.6084572189273663,0.5740444444444445,0.6174641301433905,0.5735407407407407,0.5620444444444445
0.5431472081218274,0.6308955043653668,0.5789244444444445,0.5954277442889484,0.5809555555555554,0.572621964573269
0.482233502538071,0.601630534448234,0.5790044444444444,0.5777218941218595,0.5815017543859649,0.5741775201288245
0.4923857868020304,0.5743639906125853,0.5631822222222223,0.5635062152153427,0.5577037037037037,0.5484633333333333
0.3857868020304568,0.602658046606087,0.5663022222222222,0.5826096371726165,0.5680222222222222,0.5625609304222348
0.4365482233502538,0.596776062214555,0.5699466666666666,0.6109887448402118,0.5716054580896686,0.5661986312399356
0.4060913705583756,0.6097656993855856,0.5711466666666667,0.6011547972544946,0.5690276803118908,0.5599092373005417
0.4517766497461929,0.5645565190474499,0.5773333333333334,0.6052165469951089,0.5772518518518518,0.5766259259259259
0.3756345177664975,0.6443241165033224,0.5846044444444445,0.6343058992569364,0.5862271604938272,0.5756264090177133
0.3451776649746192,0.6145162850536542,0.5736711111111111,0.6430363063477648,0.5717037037037036,0.5704708534621579
0.4314720812182741,0.6109855658479975,0.573608888888889,0.6321693704871989,0.5721999999999999,0.5661119645732688
0.4619289340101523,0.6282012968128168,0.57384,0.6071534164415001,0.574049902534113,0.5662664090177133
0.3553299492385787,0.6239221511849736,0.5804888888888889,0.62698938196964,0.5799333333333333,0.5728293719806763
0.4517766497461929,0.6211899206907119,0.5851466666666667,0.6131040232832462,0.5886074074074074,0.5837414141414141
0.4974619289340101,0.6270129281932174,0.5801244444444444,0.6528291400231362,0.5807407407407407,0.5872304830917874
0.4720812182741117,0.6089993440315963,0.5871911111111112,0.6410931378694751,0.5919407407407407,0.5982074074074073
0.5126903553299492,0.6102391062659456,0.5846311111111112,0.6333912969920144,0.5875999999999999,0.5800037037037037
0.4517766497461929,0.607570987535325,0.5769777777777778,0.6535569729851677,0.5755407407407407,0.5724008534621579
0.4416243654822335,0.5862638747576427,0.5674488888888889,0.6000959009699065,0.5649244444444445,0.5614997423510467
0.5076142131979695,0.6126259143722446,0.5734844444444444,0.6122848951859995,0.5740493827160493,0.5644148484848485
0.4467005076142132,0.6280296116472828,0.5770133333333333,0.5931709667685249,0.5787604938271604,0.5708886312399356
0.4517766497461929,0.6086679614925586,0.5811288888888888,0.5911873133691298,0.5830962962962962,0.5742875757575757
0.4314720812182741,0.6420549775854462,0.5756266666666666,0.6154070483795685,0.578716049382716,0.5685786312399356
0.4416243654822335,0.5887807354567267,0.5773422222222222,0.6200473459625822,0.5792962962962962,0.5706547255160298
0.4010152284263959,0.6021344382445293,0.5705688888888889,0.6145542040823084,0.5665684210526316,0.5640899780412824
0.3908629441624365,0.5886775109530235,0.5700533333333333,0.6454777475335947,0.5654962962962963,0.5624738164251207
0.3553299492385787,0.6000969452589504,0.5688888888888889,0.6364267677244482,0.568637037037037,0.5614233113746158
0.416243654822335,0.6003270433304736,0.576,0.6109381161566367,0.5762074074074074,0.5640441867954912
0.248730964467005,0.6032278113167263,0.5725244444444444,0.6101625049219894,0.5729777777777778,0.5661182608695652
0.4213197969543147,0.6022182588937786,0.5714666666666667,0.6483070406361072,0.5680148148148148,0.5603997423510467
0.4263959390862944,0.5697778758511364,0.5714933333333333,0.586507878703601,0.5722814814814814,0.5698515942028985
0.5076142131979695,0.600908644677455,0.5782488888888888,0.5792219187744329,0.5811851851851851,0.5733966666666667
0.5786802030456852,0.600908644677455,0.5775555555555556,0.5792219187744329,0.5813777777777778,0.5720522222222222
0.4568527918781725,0.5977766413534723,0.5729511111111111,0.6189050194869887,0.5734518518518518,0.5620008534621578
0.4568527918781725,0.5958777616062381,0.5689244444444445,0.6199051470310109,0.5690518518518518,0.56102307568438
0.4771573604060913,0.5855466429827907,0.5737333333333333,0.6221931092700227,0.5733037037037036,0.5689362962962963
0.5228426395939086,0.5841859740967522,0.5724888888888889,0.6483293816879623,0.5712148148148148,0.5728293719806763
0.5279187817258884,0.5794646331904731,0.5756266666666666,0.6214118464613713,0.5743925925925926,0.5747974527887572
0.4568527918781725,0.604096616583518,0.5935822222222223,0.6331147469891067,0.5935259259259259,0.5988858585858585
0.5076142131979695,0.6231878044702293,0.5791999999999999,0.6042460070653523,0.5798666666666666,0.5808444444444444
0.5025380710659898,0.5864022750899536,0.5682311111111111,0.6299144323525135,0.5654814814814815,0.5619375201288245
0.5228426395939086,0.5942382500513733,0.5720977777777777,0.6159583246985674,0.5739604938271604,0.5683466666666667
0.5025380710659898,0.575281487797607,0.575031111111111,0.6084497208152071,0.5698518518518518,0.5769171717171717
0.5025380710659898,0.5973917509001704,0.5796622222222223,0.648497206731231,0.5797481481481481,0.5821359349593496
0.5736040609137056,0.6173925814956313,0.5830844444444445,0.6369231561555413,0.5825777777777777,0.5813066666666666
0.583756345177665,0.5919113426881082,0.5779555555555556,0.5968911794892438,0.5726962962962963,0.57304
0.5076142131979695,0.5937578311701242,0.5747022222222222,0.6265589308633439,0.574437037037037,0.5684304830917875
0.5177664974619289,0.5892711673024971,0.5746755555555555,0.6509456589754962,0.5718074074074074,0.5725627053140097
0.4568527918781725,0.5913056604438495,0.5764444444444444,0.670153064922325,0.5749629629629629,0.5723151851851852
0.467005076142132,0.5811732777062713,0.5729688888888889,0.6385274570060627,0.5722074074074074,0.5710264090177133
0.5126903553299492,0.6269091270124358,0.5878755555555556,0.6501099134125744,0.5908740740740741,0.5869151851851852
0.4060913705583756,0.636841695021023,0.5828711111111111,0.6568046650850714,0.586553086419753,0.5872168078781123
1.0,0.5709239518447751,0.5745333333333333,0.6028636277454609,0.5741925925925926,0.5733597423510467
0.4873096446700508,0.6081886047648901,0.5814844444444445,0.6369442461600275,0.5865185185185184,0.5785781823061533
0.4517766497461929,0.6000200809291698,0.57648,0.6436676173871306,0.574037037037037,0.5722664090177134
0.4568527918781725,0.6042758434850382,0.5826577777777777,0.6197636132965534,0.5813481481481481,0.5821666666666666
0.3807106598984771,0.5879324413204372,0.5763911111111111,0.6535628971098397,0.5756888888888888,0.5768738164251208
0.3756345177664975,0.5856568592711431,0.5781244444444444,0.6073203258710426,0.579511111111111,0.5749193719806763
0.4365482233502538,0.5906884400543878,0.57416,0.624667844157548,0.5728518518518518,0.5683552979066022
0.5177664974619289,0.6004786580168802,0.5755555555555556,0.6219241877167944,0.5754296296296296,0.5633806514419558
0.4314720812182741,0.6279390147197241,0.5806222222222223,0.5860953128730635,0.5792202729044834,0.578111111111111
0.4314720812182741,0.6192680605226374,0.57864,0.5998274485957905,0.5794814814814814,0.5774486312399356
0.4010152284263959,0.6014376955434451,0.5881955555555556,0.6173841516805902,0.5900444444444444,0.5783152979066023
0.4517766497461929,0.6282686343294841,0.5832488888888889,0.6297733622383691,0.5800054580896685,0.56802307568438
0.4568527918781725,0.609967267200587,0.5771466666666667,0.6361830778617279,0.5756350877192982,0.5705501412114455
0.467005076142132,0.6026126204522211,0.5777155555555555,0.6292358182777914,0.5775313840155946,0.5726486312399356
0.2893401015228426,0.6137724794641055,0.5767733333333334,0.6394849917456109,0.5730296296296296,0.5648897423510467
0.4365482233502538,0.5986474399623068,0.5766933333333334,0.6285384063678857,0.5759851851851852,0.5728264090177133
0.4517766497461929,0.5995069615620789,0.57792,0.6482188783925866,0.5783407407407406,0.5763638164251208
0.583756345177665,0.6120543368848095,0.582728888888889,0.6386769022375558,0.5801037037037037,0.5776633333333333
0.5431472081218274,0.6216888419360317,0.5827466666666666,0.6267961736134738,0.5869333333333333,0.5875744444444444
0.4517766497461929,0.5754740694441274,0.5707644444444445,0.6154963883451195,0.5711259259259259,0.5721914090177134
0.4416243654822335,0.5723408943180494,0.5792088888888889,0.6198217440388434,0.5795999999999999,0.5726222222222223
0.4111675126903553,0.6036524506872102,0.5754044444444445,0.6158657340136419,0.5775259259259259,0.5749152979066022
0.3553299492385787,0.591978080431945,0.5728977777777777,0.5922105514782581,0.5741684210526316,0.5769597423510467
0.3857868020304568,0.6141573816247301,0.5734933333333333,0.6329237366669201,0.5701684210526315,0.5642304830917875
0.3197969543147208,0.5937277913358602,0.5711822222222223,0.6135856400055602,0.5712592592592591,0.5710264090177134
0.5380710659898477,0.5542893830159586,0.5697866666666667,0.5565272882068656,0.5707407407407408,0.574456038647343
0.3401015228426396,0.592245514283947,0.5777955555555556,0.6281626004431266,0.5778666666666666,0.5777287995901039
0.3908629441624365,0.5255699113952964,0.5748622222222223,0.5534191912573503,0.5713387914230019,0.5797
0.4010152284263959,0.5960293327677935,0.5777777777777778,0.6320203063376801,0.5771851851851851,0.5741732440345484
0.4974619289340101,0.5885190015653157,0.5767644444444444,0.651868261578195,0.5740962962962962,0.5728183113183113
0.4568527918781725,0.5784345901549472,0.5780444444444445,0.6502713694831317,0.5727851851851852,0.5741103703703704
0.4365482233502538,0.5903903357647738,0.5803200000000001,0.5995199234094639,0.5780795321637426,0.5748670370370371
0.4010152284263959,0.6007195228833692,0.57376,0.6400734196769526,0.5719555555555556,0.5693638164251208
0.4416243654822335,0.6057265584581664,0.5781066666666667,0.6010828310957765,0.5773980506822612,0.5734515942028986
0.4111675126903553,0.6048418691256146,0.5785333333333333,0.5987071842028877,0.5842721247563352,0.5808897423510467
0.3908629441624365,0.6272971824839602,0.5819022222222222,0.6111163433777694,0.5816197530864198,0.57242307568438
0.4060913705583756,0.5693650032524528,0.5770222222222223,0.6291584361640391,0.5780350877192981,0.5764708534621579
0.467005076142132,0.5858449349109834,0.5770444444444444,0.5986326561280533,0.5811066926575698,0.5833206851119894
0.4111675126903553,0.6252437287116889,0.5804533333333334,0.5970353767873917,0.5824350877192982,0.5801341867954911
0.5025380710659898,0.5942845994464944,0.5688711111111111,0.6202117770802458,0.5710721247563353,0.565386947738252
0.6091370558375635,0.5598734263057751,0.5714844444444445,0.5892769350132603,0.5779555555555556,0.57533
0.4467005076142132,0.6159213783314982,0.5839555555555556,0.5871648239080894,0.585437037037037,0.5933205555555555
0.6243654822335025,0.5803129955415826,0.5774844444444445,0.5902234468570241,0.5708888888888889,0.5746780952380952
0.5532994923857868,0.6034864188263187,0.5807466666666667,0.599129928060012,0.5844592592592592,0.5928978675645342
0.5329949238578681,0.5951076087582655,0.5728977777777778,0.5835674070863931,0.5723555555555555,0.5695522222222222
0.5888324873096447,0.6084017427298511,0.5799555555555557,0.6284869410083225,0.5786518518518519,0.5741744444444444
0.5380710659898477,0.6204739139012028,0.5766577777777778,0.6097316863282148,0.5754962962962963,0.5674188888888889
0.4771573604060913,0.6068595260016412,0.5757066666666667,0.6285450721754324,0.575925925925926,0.5720633333333334
0.4517766497461929,0.5886832228734165,0.5709066666666667,0.6049104447975158,0.5718666666666666,0.5669966666666667
0.4873096446700508,0.6175082307625953,0.5860177777777777,0.5719351056990527,0.5848148148148149,0.5803555555555555
0.5532994923857868,0.5608993990398515,0.5729422222222222,0.5683041444953455,0.570162962962963,0.5757066666666667
0.5228426395939086,0.6120337045845462,0.5804177777777778,0.6006010117896924,0.5782814814814815,0.5852633333333334
0.4720812182741117,0.5882501452395897,0.58008,0.5955619335684998,0.5788148148148148,0.5769777777777778
0.5126903553299492,0.6273814566987517,0.5795288888888889,0.6352547328036536,0.5787851851851852,0.5785139971139971
0.5532994923857868,0.5676178758385461,0.5762133333333334,0.6417095162900195,0.5765777777777777,0.5826727272727273
0.5583756345177665,0.5920536298249444,0.5736,0.6015970805085142,0.5731259259259259,0.5721522222222222
0.5177664974619289,0.5922149016295046,0.5787466666666667,0.5932809584966761,0.5748444444444445,0.5766949494949495
0.4314720812182741,0.5821405760147158,0.5740888888888889,0.5618504857554261,0.5725333333333333,0.5724444444444444
0.5380710659898477,0.5415815805874217,0.5693244444444444,0.5659328236999094,0.568474074074074,0.570325
0.5025380710659898,0.5636950628397598,0.5743111111111112,0.5548370375106875,0.5758222222222222,0.5783694444444445
0.467005076142132,0.6359901271698156,0.5781511111111112,0.6303553264053041,0.5793185185185185,0.5723555555555556
0.4263959390862944,0.6268570082625937,0.5786933333333334,0.5562778413942417,0.5784647173489278,0.5756893719806764
0.4619289340101523,0.6049513668783912,0.5766311111111111,0.5769106682094216,0.5751111111111111,0.5717597423510468
0.4213197969543147,0.5911364436950339,0.5761511111111112,0.577885804273538,0.5719703703703704,0.5739694444444444
0.5532994923857868,0.5729270644620087,0.5765244444444444,0.5656614518332321,0.5802518518518518,0.5897955555555555
0.5583756345177665,0.5970931753283932,0.5795466666666667,0.5972117552179619,0.5849333333333333,0.5819077777777778
0.5228426395939086,0.6311627202585801,0.5778133333333333,0.6124828829440696,0.5784148148148148,0.5740452979066023
0.4517766497461929,0.5620641741050947,0.5747022222222222,0.5998276604560403,0.5761925925925926,0.5835111111111111
0.4010152284263959,0.6039855920455404,0.5771999999999999,0.5888912016329645,0.5781481481481481,0.583218888888889
0.4771573604060913,0.6228398621079105,0.5772266666666667,0.6089925551757285,0.5765037037037037,0.5761955555555556
0.4213197969543147,0.6069794705816304,0.5771822222222223,0.5831815549832742,0.5768444444444445,0.5711259259259259
0.3807106598984771,0.5470584021331539,0.5708266666666667,0.5870178267400175,0.5722814814814815,0.5729777777777778
0.4314720812182741,0.5571577386137421,0.5747822222222223,0.5318194556347619,0.5761037037037037,0.5736115942028985
0.467005076142132,0.6077097603894501,0.5804533333333334,0.5687572065267077,0.5796740740740741,0.5734486312399356
0.4517766497461929,0.6190981342921335,0.5775733333333334,0.5766243576783556,0.5787555555555555,0.5815744444444445
0.4010152284263959,0.6006479250558234,0.5818755555555556,0.5742046068570443,0.5848148148148147,0.591906964573269
0.5279187817258884,0.6280584878374118,0.5760622222222223,0.621353973131299,0.573037037037037,0.5715733333333333
0.482233502538071,0.5812330451633285,0.5758133333333333,0.5853775602541885,0.5753185185185185,0.5794805555555556
0.5482233502538071,0.5977192252899464,0.5844355555555556,0.6051523084562155,0.5823185185185185,0.579535811990531
0.4060913705583756,0.6168460006656536,0.5880977777777778,0.5731976769014522,0.5921171717171717,0.5889693719806763
0.4923857868020304,0.597418628412228,0.5778488888888889,0.6137365694316541,0.5761481481481481,0.5721515942028985
0.416243654822335,0.5751643491390596,0.5749866666666668,0.6078601347605294,0.5765555555555555,0.5721247255160299
0.350253807106599,0.5940645351424002,0.57664,0.6337148517847946,0.5730666666666666,0.5728886312399356
0.4060913705583756,0.5910672119424969,0.57976,0.6271922475281031,0.5752148148148148,0.5744449275362319
0.4467005076142132,0.5883119573970594,0.5734311111111111,0.6155452115681397,0.5738074074074074,0.573181964573269
0.4263959390862944,0.5911303791011551,0.5774311111111111,0.5828485022655432,0.5794518518518519,0.572981964573269
0.3857868020304568,0.5937877110265981,0.5765866666666667,0.5767455674725431,0.573911111111111,0.5689564090177134
0.4720812182741117,0.6180208502576654,0.5787733333333334,0.6404807328034867,0.5812148148148147,0.5748527053140097
0.365482233502538,0.5839114265996825,0.5748266666666667,0.623788540647167,0.5749481481481482,0.5733398148148148
0.467005076142132,0.6076256517025671,0.5779111111111112,0.5974488208157934,0.5800888888888889,0.5750337037037037
0.3350253807106599,0.6079127578154917,0.58152,0.6177186930939528,0.5825086419753085,0.5885775201288245
0.4974619289340101,0.5797310758238676,0.567288888888889,0.6209108850718539,0.5650074074074074,0.5690041867954911
0.4060913705583756,0.5773445240242896,0.5733511111111111,0.5891858279040769,0.5700444444444444,0.56193
0.5177664974619289,0.5815906019035385,0.5739377777777778,0.6331378365398799,0.5732296296296295,0.5738041867954912
0.3908629441624365,0.5442545821205889,0.5650044444444444,0.5733493947943497,0.5613777777777778,0.5640338164251207
0.5177664974619289,0.5829587002722232,0.57048,0.6413155753972422,0.5644148148148148,0.5719108534621579
0.4263959390862944,0.5749308411111848,0.5829155555555556,0.5993647366536204,0.5771259259259259,0.5725046031746032
0.4263959390862944,0.5743353303039859,0.57376,0.6116847359763898,0.5737086419753086,0.5677301463914507
0.416243654822335,0.6054643575188356,0.5763377777777778,0.6080318998541174,0.5735333333333332,0.57549307568438
0.416243654822335,0.5744470573766502,0.5813777777777778,0.6298417623617961,0.5815012345679011,0.576726430976431
0.4974619289340101,0.6152086470623391,0.58264,0.6054023757897317,0.5807407407407408,0.5742074074074074
0.3959390862944162,0.5851025346652904,0.5816177777777778,0.6286682404203797,0.582037037037037,0.5767337037037037
0.4517766497461929,0.6042005463842932,0.5808622222222222,0.6142337701235455,0.5766666666666667,0.5736116738816739
0.4213197969543147,0.621242119674622,0.5843733333333334,0.6401006298803856,0.588879012345679,0.5848274358974359
0.5329949238578681,0.5982641298895967,0.5882311111111111,0.6394353739291927,0.5906567901234567,0.5861114814814815
0.4416243654822335,0.6284613835624911,0.5907200000000001,0.6204606188293014,0.5920345679012345,0.5949608819521863
0.4010152284263959,0.6177989164208952,0.5854400000000001,0.6185888476880675,0.5869827160493827,0.585674927536232
0.416243654822335,0.6011881248234238,0.5865422222222223,0.6153567052286313,0.5885679012345679,0.58453
0.416243654822335,0.5927187504964188,0.5891377777777779,0.6043679650917452,0.5902864197530864,0.5915777777777778
0.3705583756345177,0.5831053385022344,0.5717155555555556,0.6205745074093982,0.5680518518518518,0.5656452979066022
0.5634517766497462,0.6089574075523392,0.5880355555555556,0.6179582377971405,0.5882567901234568,0.5857131313131313
0.5532994923857868,0.5981483821806942,0.5782222222222223,0.6170443325731723,0.5824925925925926,0.5752115942028986
0.4416243654822335,0.6110081923358012,0.5783022222222223,0.620019762828621,0.5765382716049382,0.5786082608695652
0.5888324873096447,0.5933372303058037,0.5771377777777777,0.5831184898249867,0.5776518518518519,0.5707193719806762
0.5532994923857868,0.5700045473854115,0.5807733333333335,0.6293763769390939,0.5777925925925926,0.5766505050505051
0.5076142131979695,0.615142270861909,0.5791999999999999,0.593954587406228,0.5773244444444443,0.5846486312399356
0.4974619289340101,0.6320118050338587,0.5931822222222223,0.6199506436695137,0.5917925925925926,0.5825333333333333
0.4263959390862944,0.5983965216283242,0.5815733333333333,0.6465780958871369,0.5791555555555555,0.5772037037037037
0.4923857868020304,0.5758271131687697,0.5710133333333333,0.5924414775161235,0.571037037037037,0.5701227053140097
0.5177664974619289,0.598278254615211,0.5954844444444445,0.6041494066069966,0.5958518518518519,0.5866666666666667
0.4060913705583756,0.5711794556588851,0.5732177777777777,0.6240398739827929,0.5702074074074074,0.5757103703703703
0.4263959390862944,0.6267911133646672,0.5831644444444445,0.6241304997484463,0.5818592592592592,0.5819564090177134
0.4974619289340101,0.6102462775450024,0.5871111111111111,0.6347023796867555,0.5871555555555555,0.5902855555555556
0.6598984771573604,0.6188309857527822,0.5872266666666668,0.5931936787256409,0.5864938271604938,0.5773642424242424
0.5177664974619289,0.6096986373670282,0.58216,0.5824519265332125,0.5852641975308641,0.5780264090177134
0.5532994923857868,0.5610690265299207,0.5783288888888889,0.5485574488591164,0.5790444444444444,0.5804659259259259
0.4568527918781725,0.5571654505568654,0.5758044444444445,0.6125780955207859,0.5756345679012345,0.5735851851851852
0.4873096446700508,0.5679767429002457,0.5723377777777777,0.6247337111470248,0.5721925925925926,0.5762486312399356
0.5685279187817259,0.5783296538384819,0.5732177777777778,0.624239187936056,0.5737629629629629,0.5714486312399356
0.4923857868020304,0.5947895259025686,0.5807022222222222,0.6432033825150444,0.5818573099415204,0.5757193719806764
0.5634517766497462,0.623145773880904,0.5829866666666667,0.6141167237076848,0.5829827160493827,0.5724666666666667
0.3705583756345177,0.610962455852993,0.5876977777777779,0.6111619519376701,0.591437037037037,0.5950111111111112
0.6598984771573604,0.6021126711834118,0.5748444444444445,0.656799332778792,0.573037037037037,0.5762486312399356
0.4923857868020304,0.5966073756282961,0.581848888888889,0.6077394890483373,0.5813086419753086,0.5724264090177134
0.4517766497461929,0.584758485401426,0.5756888888888889,0.6165715880015145,0.5747185185185185,0.5721597423510467
0.3908629441624365,0.59143363518771,0.5777955555555555,0.6027622332952558,0.575911111111111,0.5745077777777777
0.4467005076142132,0.5812066101182782,0.5796266666666666,0.6390315082003232,0.5812592592592593,0.5728
0.4111675126903553,0.585879700445775,0.5839733333333335,0.6457695138225398,0.5854444444444444,0.5790174643874644
0.4416243654822335,0.6086475610555067,0.5843822222222222,0.6218708356593812,0.5881975308641975,0.5878675201288245
0.4467005076142132,0.5992113850792367,0.5817333333333333,0.5864047491236797,0.5846419753086419,0.5844897423510467
0.4619289340101523,0.5791065448245372,0.5832266666666667,0.5999406665100824,0.5860049382716048,0.5898003703703704
0.4568527918781725,0.5947342275106537,0.5817333333333333,0.6033584814115793,0.5830419753086419,0.5801341867954912
0.482233502538071,0.6037958244305989,0.5861511111111112,0.6069056207913119,0.5902419753086419,0.5793786312399356
0.4974619289340101,0.6100224202249696,0.5882311111111113,0.5883772639620773,0.5923999999999999,0.5832444444444445
0.4263959390862944,0.6085838965744166,0.5834222222222223,0.6028923980945187,0.5860148148148148,0.5796264090177133
0.4263959390862944,0.5917663157925297,0.5806844444444444,0.606255994747177,0.5828888888888888,0.5793449275362319
0.4517766497461929,0.607909878036869,0.5811111111111111,0.6151451979912016,0.5815851851851852,0.5796148148148148
0.4365482233502538,0.6110642107294636,0.5837688888888889,0.6205315350498345,0.5821777777777778,0.5877152979066023
0.3604060913705584,0.583216427326211,0.5821511111111112,0.5746973680323502,0.581837037037037,0.5762888888888889
0.4467005076142132,0.5930853537687688,0.57872,0.6436109324016834,0.5778962962962962,0.5826881481481482
0.4111675126903553,0.6462500785652652,0.5863111111111112,0.6118440079563793,0.585,0.5760782608695653
0.4111675126903553,0.5948950401742737,0.5771999999999999,0.639794092640041,0.5725037037037037,0.5749592592592593
0.5431472081218274,0.56443368616948,0.5903111111111111,0.5656344343230826,0.5900790123456789,0.584619797979798
0.4720812182741117,0.6088542902843238,0.592657777777778,0.6247237823765353,0.598153086419753,0.603960379403794
0.5076142131979695,0.5957704460609097,0.5763466666666667,0.6185219518365798,0.5768345679012346,0.5724344444444445
0.5126903553299492,0.594891309172663,0.58128,0.602229880960495,0.5853851851851851,0.5797193719806764
0.4873096446700508,0.5889516771291691,0.5785955555555555,0.5947311779866875,0.5801827160493827,0.578711964573269
0.4365482233502538,0.5959026284221239,0.5818933333333334,0.5857683031737488,0.5855604938271605,0.5797786312399356
0.4568527918781725,0.5979698614151245,0.58584,0.5769386895224884,0.5882864197530864,0.5853786312399356
0.482233502538071,0.605660585019832,0.5808711111111111,0.6043312048326203,0.5796814814814815,0.5776897423510468
0.4416243654822335,0.579536249796409,0.5735377777777778,0.5901311318272473,0.5701555555555555,0.5682264090177134
0.5685279187817259,0.5717778942385777,0.5737422222222223,0.5971179149086381,0.5752444444444444,0.5766370370370371
0.5177664974619289,0.5268240843722023,0.5660711111111111,0.6213491030375234,0.5661777777777778,0.5694432440345484
0.4010152284263959,0.6018567429153532,0.5774311111111111,0.6261035514968855,0.5770148148148148,0.5705819645732689
0.3857868020304568,0.5453176904850388,0.572,0.6085620890768944,0.5700296296296296,0.5624518518518519
0.4517766497461929,0.5889793024216622,0.58064,0.6087878781970807,0.5811703703703703,0.5736930756843801
0.5177664974619289,0.5936609672498179,0.5806577777777778,0.5854956835048386,0.5819629629629629,0.5756971160884204
0.5076142131979695,0.5763407339518539,0.5790222222222223,0.6385698451881492,0.5843185185185185,0.5948220095408467
0.5583756345177665,0.617957254142147,0.5806044444444445,0.608702390422841,0.5803037037037037,0.5757597423510468
0.5736040609137056,0.5927892968090076,0.5828177777777777,0.574367894678988,0.5837333333333333,0.5758666666666666
0.482233502538071,0.596369448093984,0.5849333333333334,0.5782888046624984,0.585753086419753,0.5843449275362319
0.4517766497461929,0.5990628487224412,0.5836444444444445,0.5800328609481895,0.5819901234567901,0.5709333333333333
0.4720812182741117,0.6526993920354047,0.5902666666666667,0.619068770171063,0.5963851851851851,0.603914619883041
0.3959390862944162,0.6280636659275016,0.5910222222222223,0.6054374685492822,0.5938074074074073,0.6007111111111111
0.4365482233502538,0.5857421788303792,0.58328,0.567396911614748,0.5839313840155944,0.5766633333333333
0.3756345177664975,0.5736129548681661,0.5827022222222223,0.5795256420678978,0.5850444444444444,0.588416795865633
0.5532994923857868,0.5870302918167082,0.5858222222222222,0.5865979753966779,0.5866518518518518,0.5787511111111111
0.3807106598984771,0.579226448803046,0.5819466666666666,0.5749782166674405,0.5823925925925926,0.5780082608695652
0.5482233502538071,0.6022846665560603,0.58336,0.6215414254478345,0.5853037037037037,0.582252671643976
0.5431472081218274,0.5923202412896903,0.5797422222222223,0.5789856684158742,0.5789925925925926,0.575181964573269
0.467005076142132,0.574110335134857,0.5779022222222222,0.6316761411601606,0.5769481481481481,0.5734486312399356
0.5888324873096447,0.5855382419352083,0.5804177777777778,0.6305024307521635,0.5776592592592592,0.5708441867954912
0.4568527918781725,0.5812079758753131,0.5787555555555557,0.6085174045954344,0.5759333333333333,0.5715375201288244
0.4416243654822335,0.583833499735994,0.5799733333333335,0.6153138598639755,0.5795037037037036,0.5749415942028986
0.5431472081218274,0.5509673784655211,0.5766311111111111,0.6204567134437665,0.5752296296296296,0.569096038647343
0.4923857868020304,0.6247128137331449,0.5898933333333334,0.8406052617338671,0.5967555555555555,0.5952188888888889
0.5177664974619289,0.5796940258430519,0.5820266666666667,0.6193421497801945,0.5840148148148148,0.5884293719806764
0.4060913705583756,0.6179398906995133,0.5905955555555557,0.6783941383235481,0.5893037037037036,0.59624
0.3857868020304568,0.6268578812766327,0.5889244444444445,0.8131199653798928,0.5907703703703703,0.5919733333333334
0.4416243654822335,0.6303751761119271,0.5977511111111112,0.7469240332156066,0.5945333333333334,0.5978190476190476
0.4720812182741117,0.6115207644212202,0.5838400000000001,0.6348166051088981,0.5849037037037037,0.5898960386473431
0.4365482233502538,0.6165946925397037,0.5837955555555556,0.5899105560846414,0.5861091617933722,0.5862971497584542
0.4923857868020304,0.6119525536596861,0.5938577777777778,0.7578585629465221,0.5912444444444445,0.6006727272727272
0.4416243654822335,0.5978232372248911,0.571911111111111,0.6200178068914699,0.5737925925925925,0.5724638164251208
0.4568527918781725,0.5848223485750956,0.5740266666666667,0.6425224496595783,0.5733703703703703,0.5670041867954911
0.4568527918781725,0.5823384173864378,0.5713155555555556,0.647451949405973,0.5718133333333333,0.575181964573269
0.4365482233502538,0.5673608276312293,0.5703644444444445,0.5901391762564577,0.5681333333333333,0.5748708534621578
0.3553299492385787,0.562158723622798,0.5720888888888889,0.5774206437385969,0.5714814814814815,0.5747375201288245
0.416243654822335,0.5726975739688097,0.5746577777777778,0.618702230112837,0.5751259259259259,0.5784432608695652
0.467005076142132,0.5734266144515899,0.5712266666666667,0.6216610585276412,0.5728,0.5782486312399355
0.4771573604060913,0.5876773807471277,0.5787822222222222,0.5881817766284356,0.5779925925925925,0.567652671643976
0.482233502538071,0.6001923080152909,0.5918311111111112,0.6660393320054019,0.5899264457439896,0.5882353535353535
0.4517766497461929,0.5930856787752563,0.5844711111111112,0.5999457075258272,0.5845185185185184,0.5856414141414141
0.4416243654822335,0.6017826205871298,0.5869688888888889,0.5958664260983991,0.5836296296296296,0.5809955555555555
0.5177664974619289,0.5620063186395616,0.5787555555555556,0.6117001335154998,0.57908693957115,0.5816974527887572
0.4517766497461929,0.6298738551280596,0.5830755555555556,0.6269550745651096,0.5818172839506173,0.5834160173160173
0.4467005076142132,0.5895385068972896,0.5822044444444445,0.6199831758635043,0.5812202729044834,0.5838358585858585
0.4873096446700508,0.6396543342656286,0.5834400000000001,0.644137886173541,0.5816962962962963,0.5742868078781123
0.4213197969543147,0.5927770648869334,0.5794488888888889,0.6611759975658125,0.5765925925925925,0.5805303030303031
0.4365482233502538,0.5627290435931136,0.5774577777777778,0.6431838445345255,0.5733925925925926,0.5758515942028986
0.3857868020304568,0.5540976109556685,0.5777333333333333,0.5909387735121328,0.5796054580896686,0.5761522222222222
0.4467005076142132,0.5693996569886618,0.5778133333333333,0.595544125995634,0.5842592592592591,0.5749054213633924
0.5126903553299492,0.6162343110787407,0.5774044444444445,0.6328713322805183,0.5731111111111111,0.5724082608695652
0.467005076142132,0.5676727016137563,0.5794666666666667,0.6123149142480805,0.5778666666666666,0.5834251851851852
0.5177664974619289,0.5592498025801148,0.5786933333333334,0.5968887375840464,0.5784148148148147,0.5715893719806763
0.4619289340101523,0.5942360330907198,0.5822666666666667,0.5692491966007245,0.585441975308642,0.5792633333333334
0.4314720812182741,0.5670723064897709,0.5792088888888889,0.6140035480221046,0.5786123456790123,0.5727671497584541
0.4416243654822335,0.6081819698293335,0.5853066666666668,0.6757766770995528,0.5828148148148148,0.5813196581196581
0.4619289340101523,0.5968181638205146,0.5757066666666666,0.6122693676921015,0.5772345679012345,0.5808304830917874
0.5532994923857868,0.6131226461349748,0.5841955555555556,0.595090828912146,0.5832296296296295,0.5758188888888889
0.4619289340101523,0.606792192779545,0.5873244444444445,0.6155402261131827,0.5890276803118908,0.5928974527887572
0.4720812182741117,0.5735271593101084,0.5768888888888889,0.6362331810261586,0.5774425925925926,0.5745083435083436
0.5076142131979695,0.6109199169451756,0.5837333333333333,0.611133173185495,0.5888493827160494,0.5769077777777778
0.482233502538071,0.6426148579088294,0.5863466666666668,0.6507455030927556,0.5877086419753086,0.5862497708410752
0.5329949238578681,0.5777241136473116,0.575288888888889,0.5952563926449606,0.5720962962962963,0.5664515942028986
0.4771573604060913,0.5878656125566601,0.5817777777777778,0.6034757421560631,0.579874074074074,0.58534968095275
0.467005076142132,0.5986791308820666,0.5814222222222223,0.6366088218916902,0.5844666666666666,0.5755786312399356
0.4568527918781725,0.5937907902373063,0.5772355555555556,0.6209403646074606,0.5783629629629629,0.5696675201288245
0.4111675126903553,0.6223022751962511,0.5828533333333334,0.6385821847659692,0.5773481481481482,0.5756
0.4873096446700508,0.5507723456447893,0.5730488888888889,0.5842526734586453,0.573,0.567621964573269
0.5025380710659898,0.6099166153709468,0.5855377777777777,0.6068588088836054,0.5854962962962962,0.586275230566535
0.4467005076142132,0.585735700455621,0.5846222222222223,0.5959627902616398,0.587637037037037,0.5852449275362319
0.4923857868020304,0.5672913719905482,0.5740177777777777,0.5953747411252277,0.5728222222222221,0.5701671497584541
0.5634517766497462,0.6122957138080232,0.5831377777777778,0.6025465465164711,0.5838666666666666,0.5740188888888889
0.467005076142132,0.6194869688937729,0.5814933333333333,0.5956776965769813,0.5830888888888889,0.571786038647343
0.482233502538071,0.5788891322260011,0.5753955555555554,0.5582222535049401,0.580874074074074,0.5743227053140096
0.5380710659898477,0.6083162634359218,0.5809866666666667,0.6196413674512811,0.584311111111111,0.5750749275362319
0.467005076142132,0.580272679281063,0.5740888888888889,0.6062375778871156,0.5745925925925925,0.5731152979066022
0.5532994923857868,0.6039311581099673,0.5831822222222223,0.615495960098553,0.5814222222222222,0.5861747474747474
0.5279187817258884,0.6212949794700429,0.5827377777777778,0.5905204100492679,0.5819209876543209,0.5886974527887572
0.5076142131979695,0.6221752889602871,0.5866666666666667,0.6157795742245922,0.5876641975308641,0.5832115942028986
0.5228426395939086,0.5896735341062453,0.5782933333333333,0.5934456555733651,0.5783185185185185,0.5747849275362319
0.4974619289340101,0.5625554873202017,0.5836888888888889,0.5975067010368558,0.5813938271604938,0.5769353535353535
0.467005076142132,0.6006702786438489,0.5866133333333334,0.6278709796933261,0.5846864197530863,0.5821414141414142
0.3959390862944162,0.6604729627159827,0.591048888888889,0.6255974316320301,0.5918074074074073,0.588026455026455
0.5126903553299492,0.6028560787994227,0.5819733333333333,0.598373071520304,0.5827753086419752,0.5770515942028985
0.4263959390862944,0.5657190737396172,0.57624,0.5539760355435129,0.571274074074074,0.5698622222222223
0.4416243654822335,0.5923885114357789,0.5821955555555556,0.594953532381029,0.5842864197530864,0.5754411111111111
0.467005076142132,0.6210696429978594,0.5843111111111111,0.6108318876568046,0.5874444444444443,0.5775449275362319
0.4619289340101523,0.6033031728984394,0.5792533333333334,0.6159633179752928,0.5800666666666666,0.5781193719806763
0.4873096446700508,0.5519236758219442,0.5751466666666667,0.6212300724167281,0.5698518518518518,0.5719849275362319
0.4314720812182741,0.5810943312663436,0.581288888888889,0.6264626806555016,0.5823703703703703,0.5765925925925927
0.4467005076142132,0.5904557674757235,0.5780533333333334,0.5798938701733338,0.5793407407407407,0.5724008534621579
0.4568527918781725,0.5834794285597392,0.5777244444444445,0.5681716804261155,0.5782296296296295,0.571674927536232
0.4213197969543147,0.5655805148836848,0.5835555555555556,0.6455794830333533,0.5812345679012345,0.5807525252525253
0.4263959390862944,0.6080154364495688,0.5851644444444445,0.6598640823073071,0.5871037037037037,0.5810666666666667
0.4720812182741117,0.6078453923984887,0.5851733333333333,0.6261588686814622,0.5852444444444443,0.589386341677646
0.3807106598984771,0.5879748971297603,0.5809777777777778,0.5861825506197524,0.5800197530864197,0.5750304830917874
0.4467005076142132,0.5747064896907145,0.5781511111111111,0.6230781323675978,0.5746962962962963,0.5763393939393939
0.4873096446700508,0.6036039887436274,0.5768355555555555,0.5921662756390131,0.5774148148148148,0.5716749275362318
0.4010152284263959,0.5828384210853955,0.5771022222222222,0.6004557621179968,0.5741111111111111,0.5716304830917874
0.3959390862944162,0.6016367734854927,0.5829866666666667,0.6296449503177517,0.5839604938271604,0.5837274587305278
0.4923857868020304,0.604309365771949,0.5850311111111111,0.5831644648777086,0.584548148148148,0.587730303030303
0.4416243654822335,0.6103075478709815,0.5842577777777779,0.5469947412272215,0.5837925925925925,0.5763925925925926
0.4213197969543147,0.5766914338223967,0.5870666666666667,0.640256181392311,0.5845382716049382,0.5825747474747475
0.3604060913705584,0.5775840393490204,0.5771022222222222,0.6294588936838407,0.5783777777777777,0.5682897423510467
0.416243654822335,0.57942249830091,0.5773866666666667,0.6322594964862472,0.5748296296296296,0.5685627053140097
0.4314720812182741,0.5758554281064994,0.5728977777777777,0.5788729562474018,0.5733111111111111,0.5640675201288246
0.5025380710659898,0.5954680838025821,0.5816977777777778,0.6338303286417579,0.581116049382716,0.5713077777777777
0.4873096446700508,0.5906378505743117,0.5785777777777779,0.5645877161847102,0.5780962962962963,0.5758814814814814
0.5228426395939086,0.5894200348851161,0.5759911111111111,0.6145302174545877,0.5761407407407407,0.5668486312399356
0.3959390862944162,0.5945991755660354,0.5766133333333334,0.5789469397952735,0.575237037037037,0.5680930756843801
0.5583756345177665,0.5855003539653557,0.5811822222222223,0.6235331240005133,0.5829679012345679,0.576186038647343
0.4467005076142132,0.6227922439896049,0.5856,0.6141421858585143,0.5867753086419752,0.5822749275362319
0.5634517766497462,0.5899486211238538,0.5873244444444445,0.6134105172203895,0.5878271604938271,0.5846772338772339
0.3451776649746192,0.6058451465865424,0.5861333333333334,0.5864214473398857,0.5841086419753087,0.5812303030303031
0.4517766497461929,0.604434486843509,0.5850666666666666,0.6177917726018928,0.5828197530864196,0.5777638164251208
0.4467005076142132,0.596286566905985,0.582,0.5991719640673158,0.5830074074074074,0.5791838383838384
0.467005076142132,0.5736448421303656,0.5761688888888888,0.6111802925401417,0.5747111111111111,0.5735362193362193
0.482233502538071,0.5881105177365099,0.5757333333333333,0.6020178288099755,0.5719481481481481,0.5672738164251208
0.4467005076142132,0.5928024555440675,0.5841955555555556,0.6175939916037931,0.5836049382716049,0.5833732103645147
0.6142131979695431,0.5928465092379294,0.5869511111111111,0.606186888911679,0.5886419753086419,0.585030303030303
0.5939086294416244,0.5728894783410546,0.5781333333333334,0.6155202359323959,0.5761679012345678,0.5726949494949495
0.5177664974619289,0.5867926027554041,0.5860088888888889,0.6389379586889679,0.5879851851851852,0.5872740740740741
0.5177664974619289,0.5825602759419055,0.5805333333333333,0.591350298616882,0.5826567901234567,0.5783522222222223
0.5025380710659898,0.5882566548554955,0.5757511111111111,0.6228689039538755,0.5764592592592592,0.5702823634336678
0.6040609137055838,0.5868403462385323,0.5797777777777777,0.6260024784520494,0.580153086419753,0.5741744444444444
0.5431472081218274,0.5769738414488421,0.5783555555555555,0.597785588332044,0.5772938271604938,0.5724082608695652
0.416243654822335,0.5925458343030938,0.5801244444444444,0.5686488119771183,0.5750074074074074,0.5718368253968255
0.467005076142132,0.6011926159840262,0.5798488888888889,0.6296690726451177,0.5796641975308642,0.5738971497584542
0.5228426395939086,0.5971162050676658,0.5792444444444445,0.5798816199363757,0.5809536062378167,0.5742653535353536
0.5634517766497462,0.566160090486736,0.5742577777777778,0.6021476783506184,0.5700148148148148,0.5636444444444444
0.4416243654822335,0.6011843759489204,0.5825422222222223,0.5864223897835877,0.5829975308641975,0.5724452979066023
0.4263959390862944,0.5852637450987579,0.5797777777777778,0.6030557217497048,0.5796370370370371,0.5857375201288245
0.4365482233502538,0.5829800694868017,0.5831644444444445,0.6307622440851479,0.5850864197530864,0.5821270655270655
0.3857868020304568,0.5832445772052071,0.58224,0.6252941737868959,0.5876444444444444,0.5925703703703704
0.5279187817258884,0.5758433675390622,0.5854577777777779,0.5969396772874218,0.5860493827160493,0.5792080808080808
0.4923857868020304,0.5549008576516333,0.5744622222222222,0.621519157758155,0.5740345679012345,0.5604633333333333
0.5076142131979695,0.6051582685000187,0.5780088888888889,0.6368105634187763,0.5799333333333333,0.5769575149488193
0.5380710659898477,0.5478929779331706,0.5719644444444444,0.6146746211660465,0.5682814814814814,0.5654949494949495
0.5329949238578681,0.550700161579499,0.5715555555555556,0.6444810130373566,0.5708943469785575,0.5629564090177134
0.4365482233502538,0.5802532325243994,0.5788533333333333,0.625076806810477,0.5775012345679011,0.5680082608695652
0.4771573604060913,0.5936003651490704,0.5845155555555556,0.6096652247099407,0.5828444444444445,0.5772282828282829
0.482233502538071,0.592734282976136,0.5894933333333334,0.5989846745482392,0.5934814814814814,0.5846666666666667
0.4467005076142132,0.5960226401272067,0.5802844444444444,0.6289695386912513,0.5787629629629629,0.5681979189892233
0.4771573604060913,0.5882514787851125,0.5786222222222221,0.6131684572989665,0.579474074074074,0.5707045234958279
0.5786802030456852,0.5832654821349534,0.5788622222222223,0.6211944505621113,0.5776518518518519,0.5721415942028986
0.5482233502538071,0.6066509167271676,0.5805688888888889,0.6625372437810205,0.5779851851851852,0.5759564375077418
0.4873096446700508,0.5853801814873969,0.5828177777777778,0.6248482592720934,0.5838222222222221,0.5805453535353535
0.5177664974619289,0.5849680660814505,0.5799555555555556,0.591869491114814,0.5802888888888889,0.5746664090177134
0.5431472081218274,0.5638307821026741,0.5811022222222222,0.6389452204451989,0.579,0.5752982893595937
0.4619289340101523,0.5923815805883152,0.5794933333333334,0.6327703713916452,0.5797703703703704,0.5725871782484826
0.4974619289340101,0.5841925367840276,0.5778311111111112,0.6767019879130061,0.5766074074074073,0.5751564090177134
0.4060913705583756,0.5638070895366113,0.57608,0.6285875748873258,0.5762666666666666,0.5710452979066023
0.4720812182741117,0.5965798488222506,0.57904,0.6209494193410905,0.5800197530864197,0.5673119645732689
0.4720812182741117,0.5935550040111927,0.5813155555555556,0.6079812101719592,0.5834567901234567,0.5711555555555555
0.4873096446700508,0.560966454286673,0.5813600000000001,0.5818499876328609,0.5855555555555555,0.5882671497584541
0.4517766497461929,0.5954980053375819,0.5818311111111112,0.5911056612638413,0.5836814814814815,0.5792004830917874
0.416243654822335,0.6333516371602672,0.5825511111111111,0.632614997843582,0.5851185185185185,0.5912323349436392
0.6243654822335025,0.6140859118290998,0.5939555555555557,0.6814413675641044,0.5930222222222221,0.6016991919191919
0.5228426395939086,0.5745041041794744,0.5768266666666666,0.6137653575257561,0.5835259259259258,0.5766227053140097
0.5228426395939086,0.5520818537917149,0.5742488888888889,0.6064614576885534,0.5757629629629629,0.5782671497584541
0.4467005076142132,0.6291730269481536,0.5861155555555556,0.6344328642134704,0.5859777777777777,0.5781425388722643
0.5888324873096447,0.610170996403217,0.5875733333333334,0.6002437263749167,0.5876888888888889,0.5915393939393939
0.5126903553299492,0.5686590975013874,0.5775022222222223,0.6114803581621042,0.5782074074074074,0.5751108534621578
0.4568527918781725,0.5926398138850499,0.592168888888889,0.6236697326315332,0.5937382716049382,0.5856294560994562
0.3756345177664975,0.583502508547695,0.5900622222222224,0.5921285328481272,0.5879555555555556,0.5961333333333333
0.4873096446700508,0.5956947233238977,0.5902755555555557,0.6092847676737261,0.5890074074074073,0.5966620992534036
0.3807106598984771,0.5935283794355368,0.5845155555555557,0.6036332780911345,0.5863259259259258,0.589195432586737
0.4771573604060913,0.5831160480426333,0.5853244444444445,0.5912966681648292,0.5808740740740741,0.5760188888888889
0.4771573604060913,0.6568411042611957,0.6021155555555556,0.6488832325029583,0.6045629629629629,0.5948825185185185
0.4314720812182741,0.6228260806343785,0.5892444444444445,0.626644891753961,0.5880222222222221,0.5837315942028986
0.4416243654822335,0.604648690271107,0.5843644444444445,0.6154869339277801,0.5864592592592592,0.5753415942028985
0.5126903553299492,0.608276536585835,0.5970311111111113,0.6101194759300756,0.6013185185185185,0.6003872053872054
0.4467005076142132,0.6310383044826956,0.5927111111111112,0.6276510729306597,0.594474074074074,0.5932412238325282
0.3959390862944162,0.6055743230026529,0.58288,0.5858280302487896,0.5809777777777778,0.5779849275362319
0.4974619289340101,0.6038396226932148,0.5847733333333334,0.6087185168328629,0.5893925925925926,0.581509797979798
0.5025380710659898,0.5681327789304642,0.5828977777777778,0.6119206445203341,0.5763259259259259,0.5706282828282828
0.3959390862944162,0.5991235859176702,0.5885333333333335,0.6027617749529514,0.5839456790123456,0.5856171717171718
0.3908629441624365,0.575199434897632,0.58512,0.6171213116843153,0.5855111111111111,0.5848983333333333
0.3248730964467005,0.5757644221538607,0.5746844444444446,0.6245774666940975,0.5749185185185185,0.5756333333333333
0.3045685279187817,0.6033103643595572,0.5793333333333335,0.5867001282491422,0.5772888888888889,0.5747444444444445
0.4923857868020304,0.5722191689586995,0.5795911111111112,0.6199630484806828,0.5776444444444444,0.5778177777777778
0.4771573604060913,0.6042335847368581,0.5849155555555556,0.6103282925072357,0.5865777777777779,0.5962529914529915
0.4517766497461929,0.61337816576744,0.5882844444444445,0.6102461993111459,0.5808148148148149,0.5840003463203464
0.350253807106599,0.6079311117702447,0.5793244444444445,0.6070956936896296,0.5755185185185184,0.5691749275362319
0.4365482233502538,0.5688340809402896,0.5714044444444444,0.5496364276171034,0.5739703703703702,0.5705588164251207
0.3401015228426396,0.5873444170250242,0.5822844444444446,0.5957977994718693,0.577762962962963,0.576828888888889
0.3096446700507614,0.5804752245356203,0.5803822222222222,0.6490634105658419,0.5771111111111111,0.5772398770311814
0.3350253807106599,0.5667564314923118,0.5752444444444444,0.6226706380096639,0.5763111111111111,0.5726028736641781
0.3756345177664975,0.559987925365581,0.5772711111111111,0.6027094930186931,0.5722276803118909,0.5757468013468013
0.3604060913705584,0.5662678564163445,0.5840711111111112,0.5953489793510207,0.5789481481481482,0.5893912457912458
0.1928934010152284,0.614104348577431,0.581768888888889,0.6068478616158752,0.5795481481481481,0.5714071497584542
0.4060913705583756,0.6054400306759536,0.5830133333333334,0.5790941833549664,0.5851610136452241,0.5793527053140097
0.3959390862944162,0.5718451889250732,0.5749511111111112,0.5986154067726409,0.5711017543859649,0.5735404830917874
0.350253807106599,0.5898998398493507,0.5777244444444445,0.569802457851958,0.5728962962962962,0.571184927536232
0.2131979695431472,0.589085250440603,0.5809422222222222,0.5785639663872498,0.5800888888888889,0.5775404830917874
0.3248730964467005,0.5571601968249814,0.5763377777777778,0.5582664389131109,0.5757333333333334,0.5736886312399356
0.3045685279187817,0.5748859230214571,0.5728,0.6068792976682852,0.5675111111111111,0.5722071497584541
0.299492385786802,0.5717364367503726,0.5785422222222222,0.5754734244529011,0.5769185185185184,0.5801325925925925
0.3299492385786802,0.5615614099396846,0.5753599999999999,0.5553794399179657,0.5703111111111111,0.5767325925925926
0.1979695431472081,0.5697896615676709,0.5698311111111112,0.5828899776011021,0.5675851851851852,0.5696441867954911
0.1979695431472081,0.5637103331495328,0.5724355555555555,0.5595858000585444,0.5742518518518518,0.5797597423510467
0.2588832487309644,0.5497466851587858,0.5719288888888888,0.5721921455422222,0.5704202729044834,0.5738664090177134
0.1675126903553299,0.6120662149064022,0.5849866666666668,0.6151744294499952,0.5870444444444444,0.5888656682769726
0.2385786802030456,0.5900866858027246,0.5892977777777778,0.5880252100298715,0.5953827160493826,0.5912650116550117
0.2639593908629442,0.5893223638061753,0.5797955555555555,0.5831824107946628,0.5756197530864198,0.5692420202020202
0.2131979695431472,0.570309556410341,0.5752355555555555,0.5966445956309102,0.5699851851851852,0.574696038647343
0.2741116751269035,0.6038235959912313,0.5793511111111112,0.6225296571253592,0.5787259259259259,0.5830897423510467
0.3401015228426396,0.548690159262224,0.5769244444444445,0.5632174104055295,0.5781259259259258,0.57693083675372
0.2233502538071066,0.6018151215985482,0.5794755555555556,0.5988184211829126,0.5793703703703703,0.5812486312399356
0.2741116751269035,0.5958058465354389,0.5872444444444445,0.6099186652110025,0.588716049382716,0.5897305050505051
0.3147208121827411,0.5690823968907224,0.5797066666666667,0.5705886873405251,0.5784148148148148,0.5822620992534037
0.3299492385786802,0.5977248777787249,0.5886222222222224,0.5887106799641937,0.5852296296296297,0.5792727272727273
0.4771573604060913,0.5608328729602883,0.5808266666666667,0.5732693329869758,0.5780444444444445,0.5674060606060606
0.3401015228426396,0.5795114070318028,0.5760888888888889,0.589065029797965,0.5721185185185185,0.5731191919191919
0.2791878172588832,0.6026499856940729,0.5780711111111111,0.5983188867267963,0.5772518518518518,0.5695415942028985
0.2182741116751269,0.5762615061437639,0.5669066666666667,0.6377234633901703,0.564449902534113,0.5724141082320793
0.3299492385786802,0.5877266453713283,0.5757333333333334,0.551425823971038,0.5744,0.5701564090177134
0.3553299492385787,0.5913970361264158,0.5735111111111112,0.6103882827646013,0.5710074074074074,0.5741152979066023
0.365482233502538,0.5776587145992252,0.5772444444444444,0.5647200704143948,0.5772888888888889,0.5769152979066022
0.3908629441624365,0.5735722580041318,0.5746666666666667,0.5525001313493437,0.5730444444444444,0.5728638164251207
0.3350253807106599,0.5751313676765178,0.5785511111111111,0.5675662101610988,0.5718296296296296,0.5745103703703704
0.4314720812182741,0.5770568493112084,0.5768355555555557,0.5612859754778361,0.5734148148148148,0.5753341867954912
0.3197969543147208,0.6002173691342437,0.5844,0.6124623481555014,0.5835160493827161,0.5803337037037037
0.2538071065989847,0.6146564325708814,0.5807555555555556,0.5953689724992711,0.5778123456790123,0.57243
0.4060913705583756,0.5726745708963479,0.5820622222222223,0.6006695903707133,0.5828148148148148,0.5839838383838384
0.3553299492385787,0.6138749012429486,0.5821155555555556,0.5767547920734382,0.5795906432748538,0.5734971497584541
0.299492385786802,0.6025382047579855,0.5871377777777778,0.5957335277132852,0.5854222222222222,0.5762411111111111
0.2690355329949238,0.6471544429476078,0.5886666666666668,0.6590426725852218,0.5973333333333333,0.604279773343188
0.3096446700507614,0.5942770446306342,0.5804711111111112,0.602275334790755,0.583911111111111,0.5807993719806763
0.3553299492385787,0.5614754864581268,0.5837866666666667,0.5679654751776657,0.5816296296296296,0.5775320202020202
0.3401015228426396,0.6012982773048889,0.5845155555555556,0.6329004772084597,0.5838948148148148,0.5905199349593496
0.2233502538071066,0.5521110900337953,0.5739644444444444,0.5910957613384914,0.575837037037037,0.5784738164251207
0.3248730964467005,0.615696410492653,0.577048888888889,0.6339985004501796,0.5785037037037036,0.5724082608695652
0.3705583756345177,0.6002229024875623,0.57048,0.5947903727556009,0.5695555555555555,0.5652675201288245
0.3401015228426396,0.5603516089780618,0.5685688888888888,0.6131987788690094,0.5692592592592592,0.5658082608695653
0.3248730964467005,0.5826681016872707,0.5637066666666667,0.5984776971812577,0.5604148148148148,0.5632141867954912
0.3553299492385787,0.5743540043292699,0.5652088888888889,0.5894317299916993,0.5639185185185185,0.5622553989167033
0.248730964467005,0.5744955873765614,0.5688177777777778,0.5627815141369643,0.5677733333333334,0.5747375201288245
0.2131979695431472,0.5732979991121012,0.5728888888888889,0.5971539362217216,0.5741777777777777,0.5756441867954911
0.2538071065989847,0.6172570674071289,0.5760977777777778,0.6334581032244693,0.5742814814814815,0.5731997423510468
0.1928934010152284,0.6139205668154379,0.5718488888888889,0.6015970015846642,0.5687407407407407,0.5750219645732689
0.2944162436548223,0.564947032364729,0.5707911111111111,0.5848177760002173,0.5679185185185185,0.5625119645732689
0.4111675126903553,0.5934640152096565,0.5740533333333333,0.6131950719214577,0.5729333333333333,0.5803555555555556
0.2639593908629442,0.5972834832403271,0.5717511111111111,0.5878291263032169,0.5691629629629629,0.5607564090177134
0.299492385786802,0.5985097314156127,0.5691822222222223,0.6021382211671302,0.5680962962962962,0.5582452979066023
0.299492385786802,0.5940168488772544,0.5722222222222222,0.5893253297019166,0.5705925925925925,0.5635555555555556
0.2893401015228426,0.5368583185623894,0.56128,0.5481587670957766,0.5573037037037037,0.5549777777777778
0.1878172588832487,0.5396313963291637,0.5643911111111111,0.5312129247704768,0.564637037037037,0.5692654662567705
0.2944162436548223,0.5972789276160257,0.5717955555555555,0.6028106339556205,0.5766666666666665,0.581645456636761
0.3553299492385787,0.6056663318878542,0.5780355555555555,0.5958313244505428,0.5768444444444444,0.5790358534621578
0.248730964467005,0.6692594087401268,0.5942577777777778,0.6856790071153422,0.5961777777777777,0.5957912215090572
0.2639593908629442,0.5725722337550597,0.56744,0.5963697256878198,0.560562962962963,0.5666111111111112
0.2182741116751269,0.5781495186877839,0.5753333333333333,0.5870351392712827,0.5699851851851852,0.576937037037037
0.1421319796954314,0.561855285534545,0.57168,0.5611244390522381,0.5646333333333333,0.5649103703703704
0.2944162436548223,0.5882754732841831,0.5736088888888888,0.6232137250800616,0.5664111111111112,0.5659325925925925
0.2538071065989847,0.5600257596721636,0.5759822222222223,0.5590718157580845,0.5747555555555556,0.5744918518518518
0.248730964467005,0.5599012990410855,0.57232,0.5627370281917784,0.5682962962962963,0.5776115942028985
0.4517766497461929,0.6084467092295739,0.5803466666666668,0.5824287705281349,0.5830592592592592,0.5875304830917873
0.3908629441624365,0.5933113265964908,0.5860533333333334,0.5873702277506294,0.5854666666666667,0.5830949494949494
0.2639593908629442,0.59655549177837,0.5767911111111111,0.5732033037319478,0.5782296296296296,0.5760897423510467
0.2791878172588832,0.597075341658808,0.5832711111111112,0.5896997237021929,0.5809703703703704,0.5827107744107745
0.3045685279187817,0.5434922370976042,0.579848888888889,0.5486204481946557,0.5797629629629629,0.5803111111111111
0.1370558375634517,0.6217364555149656,0.5809244444444445,0.5696602785638961,0.5825851851851851,0.5827671497584541
0.3197969543147208,0.5889672700540143,0.5762844444444445,0.6181308501058778,0.5754518518518519,0.5803597423510467
0.1675126903553299,0.6143842353672678,0.5860977777777778,0.5617161182247511,0.587037037037037,0.577
0.2944162436548223,0.6170483332054894,0.5852533333333334,0.573344047529296,0.5897086419753086,0.5811304830917874
0.4010152284263959,0.5995965219479253,0.5802844444444445,0.5958022395149414,0.577674074074074,0.5739375201288245
0.3197969543147208,0.6077739419685764,0.5782755555555557,0.5965920778261752,0.5785387914230019,0.5822807472720516
0.2842639593908629,0.5905980104505917,0.57072,0.5879337724204218,0.5672444444444444,0.5677118791031834
0.350253807106599,0.5821023780961206,0.5683555555555556,0.591926609624735,0.5678424951267056,0.5593567065668481
0.3096446700507614,0.5885034603481399,0.5708977777777778,0.5830409502236453,0.573249902534113,0.5681749275362319
0.4873096446700508,0.6008485911882488,0.5857511111111111,0.578001727126943,0.5841481481481481,0.5875244444444444
0.4467005076142132,0.6076469445281726,0.5845955555555556,0.6200624168477172,0.5837234567901235,0.5876115942028985
0.299492385786802,0.5891837013173146,0.58792,0.5502799077679258,0.5882271604938272,0.5855288888888889
0.3350253807106599,0.5946418993135764,0.5895377777777778,0.5941546626612042,0.5936148148148147,0.5891079365079365
0.365482233502538,0.6041307610156876,0.5846222222222223,0.5475632037087199,0.5885382716049382,0.5877341867954912
0.3553299492385787,0.6052287101899506,0.5811555555555556,0.5618947985529194,0.5819629629629629,0.5806527053140097
0.2385786802030456,0.6048208498276951,0.590648888888889,0.5759707381480521,0.5901629629629629,0.5861966666666667
0.3756345177664975,0.5903938003744988,0.5850755555555557,0.5543788958643333,0.5840814814814814,0.5782219645732689
0.365482233502538,0.5807763419591524,0.591128888888889,0.5834943194445255,0.5907012345679011,0.5915633333333333
0.4568527918781725,0.6185273104302074,0.5872444444444445,0.6115634258808196,0.5888493827160493,0.5951065436978481
0.3857868020304568,0.6103291656918489,0.5831822222222223,0.602719767255356,0.5837703703703703,0.5818082608695652
0.5025380710659898,0.5879922211762686,0.5929066666666668,0.6189536249627579,0.5886469135802469,0.5956858585858587
0.5939086294416244,0.5727637609400322,0.5864,0.6020823009471085,0.581674074074074,0.5805511111111111
0.416243654822335,0.556901026497652,0.5836533333333334,0.5691026409002697,0.5798074074074073,0.5934714200831848
0.3959390862944162,0.5602049362062109,0.5804266666666666,0.5779385439573739,0.5768888888888889,0.5780282828282828
0.1725888324873096,0.5959926024167286,0.5822311111111111,0.6002337966293991,0.585548148148148,0.5839415942028986
0.3553299492385787,0.5808208221610476,0.5948266666666668,0.5709735539756319,0.5934716049382716,0.6025777777777778
0.3045685279187817,0.562269772524777,0.5796800000000001,0.5816620459977513,0.5807481481481481,0.5756650173229884
0.365482233502538,0.5820581307366149,0.5914844444444445,0.5588780668925001,0.5907851851851851,0.5901747474747474
0.299492385786802,0.5940448993906896,0.5782755555555557,0.5519015976906798,0.5765407407407407,0.5841638164251208
0.350253807106599,0.6166370012793455,0.5784266666666666,0.5845221465546804,0.5790888888888889,0.576218888888889
0.3248730964467005,0.6029187727707157,0.5857600000000001,0.5685285829938,0.5906518518518518,0.593496038647343
0.2639593908629442,0.6164686333626826,0.5956711111111113,0.5744649673505406,0.6015308641975308,0.6008641025641025
0.4213197969543147,0.6120113363759085,0.5847111111111112,0.6036941884728348,0.5861091617933722,0.5833966666666667
0.1979695431472081,0.6071405728222471,0.5837511111111111,0.5699015115661933,0.586316049382716,0.5911404830917875
0.2741116751269035,0.6177144943119238,0.5882666666666667,0.5898902313270952,0.5915901234567901,0.5896941025641026
0.2741116751269035,0.630390868921396,0.5862044444444445,0.5595436226090532,0.5838074074074073,0.5866823809523809
0.1725888324873096,0.6291095231298249,0.5847022222222222,0.6013200379207454,0.5887012345679011,0.5829786312399355
0.4619289340101523,0.5941930607706083,0.5839288888888889,0.5713985834912706,0.5833037037037037,0.5805522222222222
0.3096446700507614,0.602712928522505,0.5841066666666668,0.6159564573491361,0.5827037037037036,0.5778708534621578
0.2791878172588832,0.6302348231049113,0.5859644444444445,0.5868768160199913,0.5883753086419753,0.5801966666666667
0.2081218274111675,0.6088491116364809,0.5817066666666667,0.6421699466133832,0.5806148148148147,0.5770307692307692
0.3401015228426396,0.6036650957664906,0.5969422222222224,0.6157383810104464,0.5993333333333333,0.5946074074074075
0.2284263959390862,0.573747271024586,0.582248888888889,0.6124460870775027,0.583911111111111,0.5848527053140097
0.5228426395939086,0.5895507160950653,0.5813866666666667,0.6321601594133553,0.581674074074074,0.580246923101642
0.3197969543147208,0.5994271739925722,0.5808177777777779,0.63120644766491,0.5853037037037037,0.5893656682769726
0.3604060913705584,0.5209301441868832,0.5781955555555556,0.5559778254219918,0.5765912457912458,0.5822407407407407
0.4111675126903553,0.6173299555844218,0.5800977777777778,0.6194903500863259,0.581437037037037,0.5852893719806763
0.3350253807106599,0.5883124729541986,0.5788177777777778,0.6082715035810765,0.5775703703703703,0.5806671497584541
0.248730964467005,0.6015386260548687,0.5807022222222222,0.6514108670555061,0.5749333333333333,0.5748004830917874
0.3197969543147208,0.6071534140129116,0.5827644444444445,0.5820436340936332,0.5847629629629629,0.5853582608695652
0.3807106598984771,0.587370124435305,0.5793688888888889,0.5861366665653924,0.5808222222222221,0.5805582608695652
0.3857868020304568,0.6028795765613378,0.5820266666666667,0.6160273621133655,0.5785333333333333,0.5778671497584541
0.4213197969543147,0.5615519129629294,0.5791022222222222,0.6090039261180203,0.5739851851851852,0.5719296296296297
0.4111675126903553,0.5762699653362165,0.5812533333333334,0.6023178776957615,0.5800148148148148,0.5848004830917874
0.4213197969543147,0.5995724013945498,0.5804800000000001,0.5959938248982551,0.5812332210998877,0.5858415942028986
0.416243654822335,0.5956342290746842,0.5728444444444445,0.6441466923543612,0.5697481481481481,0.57173307568438
0.4517766497461929,0.5817588510940799,0.5765244444444445,0.5982806735970023,0.5765185185185185,0.5783514090177134
0.4416243654822335,0.6010157410043022,0.5808800000000001,0.5718120158244868,0.5806074074074073,0.5832316666666667
0.4771573604060913,0.5923190764513182,0.5813688888888889,0.5804229688845686,0.579911111111111,0.5809798148148148
0.4517766497461929,0.6046958839106785,0.5795288888888889,0.6191965402051073,0.5818814814814814,0.5882094444444445
0.4568527918781725,0.6137290080185782,0.5739111111111111,0.6755172718866458,0.5736296296296296,0.5702515942028985
0.5076142131979695,0.5749160701060488,0.5748444444444445,0.6080786859911985,0.5777333333333333,0.5792402979066023
0.482233502538071,0.5392515610745288,0.5782222222222223,0.562961389542023,0.5826666666666667,0.586013888888889
0.467005076142132,0.5414143759224244,0.5759555555555556,0.5608027982996453,0.5756148148148148,0.5732020370370371
0.416243654822335,0.5351914350350885,0.5760444444444445,0.5548231552572546,0.5782962962962963,0.5863099275362319
0.4619289340101523,0.5743127573503629,0.5697422222222223,0.5668012716909263,0.5717037037037037,0.5714805555555555
0.4873096446700508,0.5759046181865893,0.5727555555555556,0.5712249595456943,0.5782814814814814,0.5859041700870534
0.5583756345177665,0.6058835094291763,0.5838222222222222,0.6262957178515499,0.5827555555555556,0.5793362962962963
0.3908629441624365,0.5537595368465396,0.5722222222222222,0.5884833828594337,0.5698518518518518,0.5745782608695653
0.4365482233502538,0.5535359938366662,0.5758755555555556,0.5711194020925775,0.5715703703703703,0.5746872222222222
0.5076142131979695,0.6134216679970406,0.5804888888888889,0.6294495356475915,0.5774222222222222,0.5737961350345561
0.5177664974619289,0.6236940430043472,0.5906577777777778,0.6367600217633724,0.5836592592592592,0.5896666666666667
0.4873096446700508,0.5853278685175402,0.5871555555555557,0.636481954634948,0.5876666666666667,0.6014838383838383
0.4111675126903553,0.5852541967325418,0.5732088888888889,0.6012000303048696,0.5677185185185185,0.5710515942028985
0.4416243654822335,0.594430881864005,0.5752266666666667,0.6238515886362935,0.5695703703703703,0.5718071497584541
0.4213197969543147,0.5616282014687191,0.5740266666666667,0.5987309902286462,0.573274074074074,0.5743375201288246
0.3908629441624365,0.5768972404026146,0.5749422222222222,0.5936897099038195,0.5751407407407407,0.5799819645732689
0.4619289340101523,0.587219198980015,0.5713422222222222,0.6236456158789841,0.5689925925925926,0.5726930756843801
0.4365482233502538,0.5801718175438066,0.5808355555555555,0.6103652403970505,0.5711555555555555,0.5755770370370371
0.467005076142132,0.5969210973188019,0.5752888888888888,0.5814790922501322,0.5740666666666666,0.5725638164251208
0.3959390862944162,0.5828910387721618,0.580231111111111,0.5674785047807147,0.5821827160493827,0.5778960386473431
0.5228426395939086,0.5968426461792258,0.5794844444444445,0.5763882789137227,0.5767851851851851,0.5711522222222223
0.4416243654822335,0.5909285804903514,0.5730008888888889,0.5801961997341339,0.57670582010582,0.5768543159944576
0.5025380710659898,0.5611708979402388,0.5858755555555556,0.5822450240926117,0.5841185185185185,0.5845616161616162
0.4923857868020304,0.6021387016971319,0.5853866666666667,0.6059135172981637,0.5832049382716049,0.5794176548089591
0.5025380710659898,0.6148635593139253,0.5835377777777778,0.6003346894325933,0.5843308641975309,0.5923977725977726
0.4771573604060913,0.5825620204099741,0.5795911111111112,0.6172321382371502,0.5806148148148148,0.5797352927265971
0.4467005076142132,0.5873161921423303,0.577288888888889,0.5960169066454626,0.5747925925925925,0.5692708534621578
0.4365482233502538,0.5665071177393636,0.5735911111111112,0.6276281283877536,0.5756592592592593,0.5715997423510467
0.4365482233502538,0.5874063320633038,0.58064,0.5890839986600831,0.579249902534113,0.5730941025641025
0.4010152284263959,0.5683887797692462,0.5754133333333333,0.6046387992221202,0.5753827160493827,0.5708082608695653
0.4619289340101523,0.5680769860091396,0.5740888888888889,0.6145231386630761,0.5764202729044834,0.5672136144049188
0.4314720812182741,0.5645899196740962,0.57704,0.5995432727527229,0.5750721247563353,0.5680176548089592
0.4467005076142132,0.6134135372099452,0.5808533333333333,0.5896866225109775,0.5789832358674464,0.575815634606939
0.4111675126903553,0.5884540573378908,0.5730844444444445,0.6022672782332655,0.5696202729044834,0.5611638164251208
0.4111675126903553,0.5790096665133526,0.5792977777777778,0.5898090858952668,0.5745832358674464,0.5761288888888889
0.3756345177664975,0.5530447145465703,0.57264,0.5692857607069212,0.5683555555555555,0.5694664090177134
0.4060913705583756,0.5652587478403645,0.5707377777777778,0.6015066779317301,0.5689777777777778,0.5698341568059875
0.4365482233502538,0.5640247415359765,0.5760977777777777,0.575246019966833,0.5704148148148148,0.5780293719806764
0.5025380710659898,0.545951187756921,0.5741155555555555,0.5687013946935212,0.5749333333333333,0.5780708534621578
0.4517766497461929,0.5591120167769159,0.5723199999999999,0.5701747437285626,0.5745037037037037,0.5749086145314979
0.5076142131979695,0.5784285159023781,0.5796622222222222,0.6083517485278288,0.5766814814814815,0.5733341867954912
0.5177664974619289,0.5851434368615295,0.5744444444444444,0.5752336189568448,0.5707407407407408,0.5736738164251208
0.416243654822335,0.5737337871981001,0.5747555555555556,0.5897403374744188,0.5697091617933723,0.5663404830917874
0.416243654822335,0.5703644151998173,0.5743644444444445,0.5582708236396188,0.5727851851851852,0.5719997423510467
0.4974619289340101,0.5530813228014854,0.5713066666666666,0.5473444350530197,0.5706962962962963,0.5684708534621579
0.4619289340101523,0.546042370313914,0.5702488888888889,0.5551321397599045,0.5678814814814815,0.56869307568438
0.3959390862944162,0.5453926796388174,0.5732444444444444,0.5664283782162269,0.572,0.5692207949826257
0.4974619289340101,0.5620107448837967,0.5723377777777778,0.5976142109058259,0.569274074074074,0.5718486312399356
0.4974619289340101,0.5671608273290035,0.5732533333333334,0.5991185359138043,0.5697037037037037,0.5703552979066022
0.482233502538071,0.5500299634299556,0.5774044444444444,0.547304695964731,0.5743555555555555,0.5778703703703704
0.482233502538071,0.5765136759263676,0.5706044444444445,0.6198064760883426,0.5678222222222222,0.5757182608695652
0.4060913705583756,0.4498381748639278,0.5629688888888889,0.44621422521260484,0.5648148148148148,0.5660788164251208
0.5177664974619289,0.5624585561373027,0.5765422222222223,0.5870049332380274,0.5765851851851852,0.5713527053140096
0.6142131979695431,0.6209111500690737,0.5867200000000001,0.6622949390126189,0.5832148148148147,0.5828754945302136
0.4720812182741117,0.5708866825355807,0.57896,0.553351817915027,0.5757851851851852,0.5727552979066023
0.5380710659898477,0.5753652230338409,0.5804444444444444,0.5338810245824513,0.5765851851851852,0.575111964573269
0.4974619289340101,0.5330718283993183,0.5779288888888889,0.5590400431288024,0.5751555555555555,0.5680411111111111
0.4060913705583756,0.549239775697354,0.5742044444444445,0.5775101788024944,0.5737629629629629,0.5717004830917874
0.4314720812182741,0.6013954472562879,0.5799288888888889,0.5987918268510539,0.5784666666666666,0.57773307568438
0.4923857868020304,0.5792152639038184,0.5761511111111112,0.6059660552250659,0.5753777777777778,0.576621964573269
0.4771573604060913,0.5816704975580664,0.5714400000000001,0.5860151684463242,0.5708740740740741,0.5697193719806763
0.5482233502538071,0.5781819005448172,0.5771911111111111,0.5976972595143769,0.5726573099415204,0.570696038647343
0.4416243654822335,0.580794040576836,0.5755644444444444,0.6228075822719524,0.5723555555555555,0.5749807407407408
0.4213197969543147,0.5816139051940262,0.5723288888888889,0.6051606062301148,0.5711999999999999,0.5747552979066023
0.4517766497461929,0.5632853557260382,0.5712355555555555,0.582776131357401,0.5716740740740741,0.5714486312399356
0.4314720812182741,0.583875991600403,0.5761155555555556,0.5847459876686497,0.5774271604938271,0.5803597423510467
0.4263959390862944,0.5671053641949754,0.5732266666666667,0.5996890019893566,0.5725703703703704,0.5752441867954912
0.5736040609137056,0.585162041470856,0.5743111111111111,0.6037342137066624,0.5747703703703704,0.5811703703703704
0.4365482233502538,0.5880311919441829,0.5715822222222222,0.6278441394843615,0.570162962962963,0.5752592592592592
0.5888324873096447,0.5855356538207449,0.5716177777777778,0.6142800810047992,0.5727259259259259,0.5695321329234373
0.416243654822335,0.5819148576730949,0.580328888888889,0.6036523188464598,0.5779629629629629,0.5757082608695652
0.5126903553299492,0.5798826008402543,0.5793155555555556,0.6062938523402319,0.5800296296296296,0.5803849275362319
0.5431472081218274,0.5857690942735553,0.5753066666666666,0.6341768676249313,0.573753086419753,0.5733065436978481
0.3959390862944162,0.5595430650807655,0.5752711111111111,0.6235507417712047,0.5736938271604938,0.5733065436978481
0.2436548223350254,0.5557794461105754,0.5757244444444445,0.6033860159437919,0.5736938271604938,0.5733065436978481
0.4314720812182741,0.5821332585603101,0.5757155555555555,0.5995893870358887,0.5751610136452242,0.5747404830917875
0.5939086294416244,0.5919419403348959,0.5781866666666666,0.593863982507485,0.5726814814814815,0.577631622692927
0.4873096446700508,0.5843953008727569,0.5703466666666667,0.621510643719969,0.5687703703703704,0.5695552979066023
0.4771573604060913,0.5946432471288111,0.5751111111111111,0.6217215505952733,0.5711851851851852,0.5709182608695652
0.4517766497461929,0.5840411300483507,0.5743466666666667,0.625545337943822,0.5714518518518519,0.5734664090177134
0.4467005076142132,0.5866848586519496,0.5721511111111112,0.6132730186578154,0.5670592592592593,0.5664897423510467
0.4720812182741117,0.5592495222407645,0.5717244444444445,0.5924654692880543,0.5697555555555556,0.5708441867954912
0.5076142131979695,0.5876331663037023,0.5832888888888889,0.5981958390521459,0.5842721247563353,0.5841287659200702
0.5380710659898477,0.5605930989891093,0.5751111111111111,0.6094360757442623,0.5694666666666667,0.5635288888888889
0.4314720812182741,0.5754104645099207,0.5761066666666667,0.601744414962643,0.5765827160493826,0.5702264090177134
0.4568527918781725,0.6049728849909174,0.5811200000000001,0.5866832254792137,0.578237037037037,0.5753627053140097
0.4467005076142132,0.5507872195845995,0.5694844444444445,0.590319560787988,0.5686518518518519,0.5714486312399356
0.4517766497461929,0.5998790054133216,0.5703733333333334,0.48837316090551847,0.5703165692007798,0.563056038647343
0.4314720812182741,0.5934877300551008,0.5730933333333333,0.6029885121773616,0.5684,0.570621964573269
0.4365482233502538,0.5960368902466157,0.5799822222222222,0.6015720451665876,0.581116049382716,0.56793
0.4720812182741117,0.574510378595326,0.5691466666666667,0.6067440612263669,0.5646814814814816,0.5675997423510467
0.4568527918781725,0.5862578181028678,0.5743199999999999,0.6134889467194032,0.5717555555555556,0.5777597423510468
0.4517766497461929,0.5891452399169194,0.5721333333333334,0.6081919395495313,0.5710721247563353,0.5683786312399356
0.4923857868020304,0.5111482190891748,0.5087288888888889,0.49557169943738144,0.5145777777777778,0.5180207407407407
0.5076142131979695,0.5915130231611154,0.5746044444444445,0.6035806642477809,0.5687851851851852,0.5707997423510467
0.4974619289340101,0.5977135512680086,0.57696,0.6537956264192643,0.5758370370370371,0.5794338164251208
0.5482233502538071,0.5940819108658906,0.5717511111111111,0.6313051801774889,0.573725925925926,0.575496038647343
0.5786802030456852,0.5870934563663386,0.5761244444444444,0.6010275353983328,0.576162962962963,0.5783182608695653
0.5329949238578681,0.6164368755886162,0.5803911111111111,0.6044376605582634,0.5831999999999999,0.58353
0.5279187817258884,0.5901922391368658,0.5771200000000001,0.5884989736548203,0.5755925925925925,0.5749627053140097
0.467005076142132,0.6205714634470336,0.5837866666666668,0.6375740311229731,0.585237037037037,0.5817777777777778
0.5076142131979695,0.6063111499977998,0.5834400000000001,0.6419256237206531,0.5852814814814815,0.5787193719806764
0.4467005076142132,0.6033371029948459,0.583288888888889,0.6169606427973227,0.5841382716049383,0.5788971497584541
0.4619289340101523,0.5598608426665986,0.5799555555555556,0.5865884192887628,0.5806814814814815,0.5807182608695652
0.4213197969543147,0.5763933033982873,0.5840711111111111,0.5983592789514054,0.5861185185185185,0.5878738164251208
0.5786802030456852,0.6210217522054315,0.5866222222222223,0.6104105134553375,0.5823407407407407,0.5912177777777778
0.5431472081218274,0.628472651733809,0.58136,0.6223205355830004,0.5836444444444444,0.5892633333333334
0.5279187817258884,0.5812844838029738,0.5818844444444444,0.6032186918782576,0.5816296296296297,0.5849777777777778
0.4873096446700508,0.5793376421854071,0.5751111111111111,0.6129712026728961,0.5780888888888889,0.5786444444444445
0.4263959390862944,0.597021098830188,0.5813511111111112,0.6101984267200598,0.5807111111111111,0.5840515942028985
0.4517766497461929,0.610074492196009,0.5832266666666668,0.6381621104839293,0.582362962962963,0.577674927536232
0.4467005076142132,0.6017511964046057,0.5788800000000001,0.6553786444848784,0.5781679012345678,0.5790834745447788
0.4720812182741117,0.5968616287168513,0.5801333333333334,0.6349975198837773,0.5805037037037037,0.5803182608695653
0.5532994923857868,0.6258766405067127,0.5845066666666667,0.6055473894387243,0.583837037037037,0.586386038647343
0.3959390862944162,0.6178038571910515,0.5824800000000001,0.6473941518119072,0.5871037037037037,0.5947358119905309
0.5126903553299492,0.6307467236825951,0.5848622222222223,0.6422845980372485,0.5862814814814814,0.58833
0.6294416243654822,0.6160252169863769,0.5825244444444445,0.6046351116444173,0.5828296296296297,0.5824282828282829
0.482233502538071,0.6118179415012189,0.58104,0.5826481048771885,0.5809530864197531,0.5865330756843801
0.5685279187817259,0.6032276683731057,0.5788800000000001,0.6152036753373841,0.580237037037037,0.5806515942028986
0.3857868020304568,0.615628094511302,0.5763022222222223,0.5677647512528867,0.5746074074074073,0.5755108534621578
0.3705583756345177,0.612381253517983,0.58184,0.5958835056892795,0.5822271604938271,0.5814219645732689
0.4263959390862944,0.5982865511255704,0.5807555555555556,0.600059917262737,0.5753185185185185,0.57904
0.6598984771573604,0.6078584591057351,0.5885955555555556,0.610940407187924,0.5883308641975308,0.5904971497584541
0.5025380710659898,0.6207620771078914,0.5743733333333333,0.6422682106278732,0.5709925925925926,0.5782515942028985
0.4517766497461929,0.597003420020864,0.5771377777777779,0.6096759206600463,0.5760296296296297,0.5802338164251208
0.4111675126903553,0.6015163603972007,0.5755466666666667,0.6330748100773979,0.5774962962962963,0.5787404830917875
0.5482233502538071,0.5926146352259392,0.5750755555555557,0.6353836322956392,0.5752296296296296,0.5748738164251208
0.4365482233502538,0.5790557108214307,0.5769866666666668,0.6112898169008778,0.5787550617283951,0.5732595828614135
0.6040609137055838,0.5928832562541231,0.5803733333333333,0.6258020539643808,0.5835259259259259,0.5870136363636363
0.5736040609137056,0.5750316012420325,0.5817066666666667,0.5821382505042925,0.5826814814814815,0.5855969696969697
0.4568527918781725,0.5556811221786337,0.57784,0.5714123355043615,0.5788592592592592,0.5807375201288245
0.4720812182741117,0.5857723343466578,0.5721866666666666,0.6275591836545963,0.5739111111111111,0.5772304830917875
0.6142131979695431,0.5881698343224246,0.5737511111111111,0.6314505741139094,0.574274074074074,0.5759671497584541
0.3807106598984771,0.5856133777755228,0.5824177777777778,0.6024154917021849,0.5833703703703703,0.5789564090177134
0.4416243654822335,0.5918657723177632,0.5783288888888889,0.5898746373066692,0.5781851851851851,0.570386038647343
0.4974619289340101,0.5919496596791686,0.5892000000000001,0.6350285839439306,0.596311111111111,0.5867555555555556
0.4467005076142132,0.5838620350457719,0.5807911111111111,0.562200002960788,0.5835407407407407,0.5849564090177134
0.4720812182741117,0.6252883779572086,0.5833644444444445,0.6139414295165259,0.5834424951267057,0.5780201412114455
0.4365482233502538,0.6298427108586385,0.5799822222222223,0.5840101241492555,0.5837684210526315,0.5933054213633924
0.4060913705583756,0.6102208790224114,0.5887822222222223,0.6045023883116316,0.5894567901234568,0.5911227053140097
0.482233502538071,0.5777319690519072,0.5796,0.5988069954864912,0.5801387914230018,0.5815575486188529
0.5126903553299492,0.6237566971816668,0.5831022222222221,0.5876589679651952,0.585111111111111,0.5819111111111112
0.5177664974619289,0.5602129143164665,0.5764355555555556,0.5992097520782552,0.5806444444444444,0.5815880588493633
0.4923857868020304,0.583765927160075,0.5756977777777778,0.6079843996507092,0.5775999999999999,0.5812304830917875
0.4568527918781725,0.6077527834573987,0.58248,0.6039660144082403,0.5855703703703703,0.5720188888888889
0.365482233502538,0.6029440338160564,0.581448888888889,0.6121217191956967,0.5831851851851851,0.570490909090909
0.3908629441624365,0.5695813876509053,0.5748088888888889,0.6064829667344991,0.5736592592592593,0.5813597423510467
0.4720812182741117,0.5961353596389507,0.5804888888888889,0.6322929639091722,0.5767259259259259,0.5863375201288246
0.4467005076142132,0.5490787163888281,0.5797155555555555,0.552096852810718,0.5819682539682539,0.5888506514419558
0.4416243654822335,0.5768085905810779,0.5725155555555556,0.6025836813778234,0.5717407407407407,0.5731966666666667
0.416243654822335,0.5906981589930425,0.5845688888888889,0.6062042509896054,0.5850716049382715,0.5837287659200703
0.3705583756345177,0.5986003106220837,0.5769155555555555,0.6030079894317752,0.576348148148148,0.5708041867954912
0.3857868020304568,0.5718085879060256,0.5720355555555555,0.5995369424973891,0.568911111111111,0.5630452979066023
0.3857868020304568,0.5981928467365877,0.57672,0.6110043028383375,0.5746888888888888,0.5720749275362319
0.4314720812182741,0.5871010717419617,0.5725866666666667,0.6182058834121176,0.5708888888888889,0.5665119645732689
0.4263959390862944,0.5940309313959169,0.5797777777777778,0.5720055401975265,0.5782148148148147,0.5705564090177133
0.4314720812182741,0.607585161432984,0.5807644444444445,0.577585274301019,0.5789555555555556,0.5705375201288244
0.4873096446700508,0.5931051646443394,0.5802488888888889,0.5887312873574796,0.5764962962962963,0.5770219645732689
0.4467005076142132,0.5960506359654106,0.57048,0.6050719565954396,0.5678148148148148,0.5717638164251208
0.5228426395939086,0.5841595521190374,0.5765066666666667,0.6158480151609934,0.5781777777777778,0.5776855555555556
0.6142131979695431,0.6103537586593202,0.5821511111111112,0.6153532501925704,0.5798666666666666,0.5836444444444444
0.4467005076142132,0.5911530288585946,0.5845866666666667,0.5816092149663549,0.584748148148148,0.5866708534621579
0.5126903553299492,0.632707307990093,0.5920800000000002,0.5947740977189624,0.5941407407407407,0.5890595474192728
0.5126903553299492,0.5877398111457828,0.58168,0.6061935962449567,0.5861185185185185,0.5934177777777778
0.5177664974619289,0.6006044398948776,0.5808533333333333,0.5969258851679584,0.5783111111111111,0.5783711111111112
0.5076142131979695,0.606919060620802,0.5823733333333334,0.6593723512634995,0.5847037037037036,0.5851519930632973
0.416243654822335,0.5970965486209677,0.5758755555555555,0.6291852969373052,0.5720148148148148,0.5677251851851852
0.350253807106599,0.5650193661276467,0.5744622222222222,0.5994028376891203,0.5717925925925925,0.5745782608695652
0.365482233502538,0.5651902346263832,0.5808711111111111,0.5746520944104353,0.5775259259259259,0.5723733333333333
0.3604060913705584,0.570037201124509,0.5740355555555555,0.6082303969356306,0.571274074074074,0.5749515942028985
0.4365482233502538,0.5831881550427721,0.5854044444444445,0.6072482003798225,0.5833679012345679,0.5839148096348097
0.5177664974619289,0.5809084567524405,0.5724533333333333,0.5785866144456734,0.5703111111111111,0.5745469645732689
0.4873096446700508,0.5612619066061822,0.5784088888888889,0.5470162505381357,0.5815393939393939,0.5872588164251208
0.4416243654822335,0.5791915958231756,0.5830400000000001,0.5355653315235719,0.5895838383838383,0.5971115942028985
0.4365482233502538,0.6302889352112735,0.5822933333333333,0.6050178112433425,0.5841827160493827,0.587396038647343
0.4010152284263959,0.5803812429002184,0.5767644444444445,0.5772265171492177,0.5718370370370369,0.5781177777777777
0.4365482233502538,0.5905098399503896,0.5783466666666667,0.5904232023421709,0.5781407407407407,0.5740452979066023
0.4974619289340101,0.5769351673755383,0.57328,0.59015975590305,0.5738074074074074,0.5750953703703704
0.3857868020304568,0.6096898574811868,0.5805777777777777,0.5955458424976501,0.578437037037037,0.5716008534621578
0.4771573604060913,0.6094261234706888,0.5790755555555556,0.5988524039736807,0.5789259259259258,0.5793193719806764
0.5329949238578681,0.5983520501757719,0.5764888888888889,0.6324816108407374,0.5744296296296296,0.578696038647343
0.4517766497461929,0.5891842552847689,0.57624,0.6040285977134169,0.5776592592592592,0.5802071497584541
0.4517766497461929,0.5718430683480897,0.5758311111111111,0.5931938396132508,0.5736296296296296,0.577096038647343
0.4416243654822335,0.5670206218193784,0.5832622222222222,0.6250462974018246,0.5787160493827159,0.578395432586737
0.4111675126903553,0.6069528675081955,0.577031111111111,0.6148907036386198,0.5733975308641974,0.5667522222222222
0.4873096446700508,0.5902609773961803,0.5844266666666666,0.6206009514740083,0.5836296296296296,0.5851158645276292
0.4314720812182741,0.6033621648101983,0.5751555555555555,0.6161566320075234,0.5717481481481481,0.5699997423510467
0.4771573604060913,0.5844386898415636,0.5776622222222223,0.6119911935641232,0.574479012345679,0.5703849275362319
0.482233502538071,0.6077875591166839,0.5762222222222222,0.5929025288558497,0.5744592592592592,0.5722881481481482
0.4568527918781725,0.5859925445270986,0.5735466666666666,0.625156965579565,0.5743407407407407,0.5662707407407407
0.5177664974619289,0.5926757950384028,0.5800177777777777,0.6157464737002589,0.5781185185185185,0.5795509881422924
0.416243654822335,0.6032336283216103,0.5731644444444444,0.613240350272227,0.5700943469785575,0.575096038647343
0.4771573604060913,0.6027749492864048,0.5767377777777778,0.6274480558716744,0.5767629629629629,0.5710749275362319
0.4467005076142132,0.6145159732227675,0.5800355555555555,0.6003849056017344,0.5823456790123457,0.5778188888888889
0.4467005076142132,0.6048325906072056,0.5805244444444445,0.6290072589034731,0.5739703703703704,0.5730071497584541
0.3908629441624365,0.5977397014326906,0.57504,0.6329262438264409,0.5685777777777777,0.5757775201288245
0.4263959390862944,0.5928306139450343,0.5735644444444444,0.6193004995565876,0.5719037037037037,0.5682527053140096
0.416243654822335,0.5910396340082272,0.5725955555555555,0.6221999903949441,0.5685333333333333,0.5664293719806763
0.416243654822335,0.5727889450733061,0.581288888888889,0.591405332436635,0.5817239766081871,0.590395432586737
0.3604060913705584,0.5585398069936365,0.5699733333333333,0.5979732590803625,0.5640962962962963,0.5695552979066023
0.4467005076142132,0.5811854864329737,0.5794666666666667,0.6056037318635377,0.5792054580896686,0.5877509881422924
0.5025380710659898,0.5849286879231452,0.5828177777777778,0.5851416442144565,0.5795407407407407,0.5786060606060606
0.3756345177664975,0.6042778315141923,0.5789333333333333,0.5970817658497709,0.5814666666666666,0.5811523809523809
0.5380710659898477,0.6013999511393797,0.59216,0.6074776472857923,0.5925333333333334,0.594650505050505
0.4771573604060913,0.623230170528401,0.5811288888888889,0.6107370918004933,0.5793037037037037,0.5729966666666667
0.5177664974619289,0.619989126416535,0.5810044444444444,0.6278590487100769,0.5804647173489278,0.5796749275362318
0.4314720812182741,0.6160249343270802,0.5789599999999999,0.6189913395554143,0.577916049382716,0.5722188888888888
0.5329949238578681,0.6212654232701248,0.58784,0.606774353574292,0.5874864197530864,0.5803818181818181
0.4416243654822335,0.6217032872058126,0.5770222222222222,0.5616643632785173,0.5750271604938271,0.5768886312399356
0.5380710659898477,0.5692702914716524,0.58816,0.6136251674282651,0.590879012345679,0.590050505050505
0.3604060913705584,0.587119008199366,0.5766755555555556,0.6869793504553824,0.5835851851851852,0.5921870899470899
0.4365482233502538,0.6296740664368631,0.5916800000000001,0.638976368513308,0.5954222222222222,0.6036491978609626
0.6091370558375635,0.5934971957540291,0.5782577777777778,0.6433781074045355,0.5725185185185185,0.5762222222222222
0.6040609137055838,0.6181224401689036,0.5838666666666666,0.6367202378601482,0.5824197530864197,0.5884066666666667
0.6446700507614214,0.635241585482353,0.5821333333333334,0.6372664760659286,0.5819610136452241,0.5787744444444445
0.6192893401015228,0.6352978053416772,0.5824400000000001,0.644647982519986,0.5800350877192981,0.5815979189892233
0.4771573604060913,0.6034777139962757,0.5814844444444445,0.6190815322966148,0.5789629629629629,0.5874259259259259
0.4517766497461929,0.603576948006549,0.5785511111111111,0.5815718539926834,0.583180061728395,0.5896385302298346
0.482233502538071,0.6010732279918521,0.5767644444444444,0.6017681497018199,0.5774222222222222,0.5818886312399356
0.4416243654822335,0.6033369056257011,0.5754577777777778,0.6201442439525715,0.5758518518518518,0.5735108534621578
0.4873096446700508,0.5886206486092088,0.5776533333333334,0.5581998307981488,0.5769481481481481,0.5765775201288245
0.467005076142132,0.6263504965183937,0.5801244444444446,0.5854179301738853,0.577348148148148,0.5739555555555556
0.3959390862944162,0.6174168192234356,0.5797422222222223,0.6043324187750163,0.5790962962962962,0.5783333333333334
0.4314720812182741,0.5994558625998896,0.5768977777777778,0.6078692081273124,0.5742962962962963,0.5719288888888889
0.4010152284263959,0.621543032924717,0.5804266666666666,0.611459434676503,0.5806069135802469,0.58780925368978
0.5329949238578681,0.6134482842294575,0.57952,0.6068925958515927,0.5779703703703704,0.5763997423510467
0.4568527918781725,0.6258754936843535,0.5754577777777777,0.6207679168744901,0.5744943469785575,0.5754596296296296
0.2690355329949238,0.6131164443543462,0.5751733333333333,0.6657103642209867,0.5669777777777778,0.574065925925926
0.4314720812182741,0.6129106398916148,0.5766133333333334,0.6310691363185598,0.5743851851851851,0.5708622222222222
0.5076142131979695,0.6035735702898506,0.5743555555555555,0.5887883272515899,0.5682573099415205,0.5753997423510467
0.416243654822335,0.6171661898329237,0.5732977777777778,0.6228846200905477,0.572362962962963,0.5804980588493632
0.4923857868020304,0.6133518516390221,0.5715377777777777,0.6296791230884758,0.5668666666666666,0.5756886312399356
0.5532994923857868,0.6334570984182664,0.5801422222222222,0.6350068848506555,0.5754666666666667,0.5784219645732689
0.4111675126903553,0.6051368715253103,0.5701777777777778,0.6214289612458783,0.5699758284600389,0.5693341867954911
0.5482233502538071,0.612769454191806,0.5722755555555555,0.6282779053073734,0.5672148148148148,0.5621676435856146
0.5177664974619289,0.5914439091477033,0.5673955555555555,0.5808279206719733,0.564637037037037,0.5727703703703703
0.4619289340101523,0.5768717030492725,0.5647288888888888,0.5869539801796408,0.5602888888888888,0.5583288888888889
0.4314720812182741,0.6255433528489299,0.5799466666666667,0.5737282888273044,0.5846666666666667,0.5858486312399356
0.3401015228426396,0.5907951224289122,0.5688977777777777,0.6037764266437206,0.5676592592592593,0.5690041867954911
0.5177664974619289,0.6220204845578522,0.57616,0.5933318984301168,0.5802962962962962,0.5775108534621578
0.5177664974619289,0.6274978181954783,0.5787022222222222,0.6205147073906313,0.5848202729044834,0.5828897423510467
0.4263959390862944,0.5755475624831459,0.5698222222222221,0.5763729896583845,0.5689037037037037,0.5766462378167642
0.4365482233502538,0.6047299448251096,0.5654933333333333,0.5856333740210092,0.5646573099415204,0.5706091699604743
0.3908629441624365,0.6279877744062372,0.5799733333333333,0.613780858324746,0.5824148148148148,0.58664
0.5685279187817259,0.5710133962279489,0.5664088888888889,0.5905149411572059,0.5647777777777777,0.5668222222222222
0.482233502538071,0.6093479672178982,0.5706311111111111,0.6372281776435262,0.5664888888888888,0.5719404830917875
0.3705583756345177,0.6446510652500224,0.5736177777777778,0.6201278846792988,0.5675721247563352,0.5653341867954912
0.5126903553299492,0.6293451710846993,0.5776711111111111,0.6387568696457258,0.5796888888888888,0.580241521381663
0.5786802030456852,0.6044884572186588,0.570168888888889,0.6143102931390891,0.570375828460039,0.562876947738252
0.4720812182741117,0.5846748434935534,0.5749244444444445,0.6041215336162818,0.5754518518518519,0.5744017176596887
0.5279187817258884,0.6052072257837171,0.57112,0.6394328610599702,0.569274074074074,0.5678041867954912
0.3299492385786802,0.6196847038941571,0.5861066666666667,0.6028440090080223,0.5902814814814815,0.5899079365079365
0.4873096446700508,0.6372049862145207,0.5796622222222223,0.6108239963584468,0.5829387914230019,0.5925934460547504
0.583756345177665,0.6396085221272199,0.5908711111111111,0.5907853155185698,0.5934573099415205,0.5866852136752136
0.4568527918781725,0.630629513764201,0.5866044444444445,0.6130829936725355,0.5898222222222221,0.5807196581196581
0.4517766497461929,0.6188322241974598,0.5875022222222223,0.6048345122709374,0.5927461988304094,0.586738547008547
0.4873096446700508,0.6316994643548145,0.575031111111111,0.6156110829800041,0.5725350877192982,0.5743427338040382
0.5126903553299492,0.6060622967825794,0.5735644444444444,0.6327330179023046,0.5677777777777778,0.5758960386473431
0.4416243654822335,0.6134168793801971,0.5705155555555556,0.6146212535271228,0.5732888888888888,0.5756897423510468
0.4416243654822335,0.6058095718805485,0.5789333333333334,0.6339789529762976,0.5776641975308642,0.579177037037037
0.5076142131979695,0.6439648116591351,0.5797688888888889,0.5857174305694736,0.583111111111111,0.5790041867954911
0.4365482233502538,0.6031674007896952,0.5762755555555555,0.6324719863022982,0.5702962962962963,0.5786437037037037
0.583756345177665,0.572892092173308,0.5702666666666667,0.6076107625300307,0.5694814814814814,0.5717543551456594
0.6395939086294417,0.6086364809914024,0.5725155555555556,0.5302844777707759,0.5717777777777777,0.5791227053140097
0.7055837563451777,0.584221104132238,0.5783822222222221,0.6252108842796024,0.5802074074074075,0.5705155555555556
0.4974619289340101,0.6099348777292546,0.5828177777777779,0.6195520385750061,0.5812350877192982,0.5772749275362319
0.5228426395939086,0.5991049371508645,0.5760355555555555,0.6425019648590027,0.5740350877192982,0.5726304830917874
0.3908629441624365,0.6302451229895132,0.57656,0.6031285045700981,0.5771037037037036,0.5771405360018403
0.4568527918781725,0.6093919971067346,0.5762844444444445,0.5875732474418995,0.5842467283950616,0.5872919060937367
0.4467005076142132,0.6240979660479689,0.57416,0.648292576799035,0.5716296296296296,0.5783108534621578
0.4416243654822335,0.6172526409704364,0.5793600000000001,0.6077754648064759,0.5806128654970759,0.5825844444444445
0.4263959390862944,0.6261942421876512,0.577911111111111,0.6199467986184226,0.5819906432748537,0.584386038647343
0.3908629441624365,0.6260188405723328,0.578,0.5950845503323179,0.5836350877192982,0.5904207949826257
0.5076142131979695,0.5973202912894704,0.5725688888888888,0.6097111659647769,0.5726874338624338,0.5853129044834308
0.467005076142132,0.6402303365181925,0.5814044444444444,0.6006469665636512,0.5817832358674464,0.5783671497584542
0.482233502538071,0.5915786617627913,0.58504,0.6251445529860047,0.5818962962962964,0.5781171717171717
0.5228426395939086,0.5801192684156815,0.58176,0.6021888345227854,0.5777481481481481,0.5720888888888889
0.4771573604060913,0.606885812959823,0.5784888888888889,0.5958512917305996,0.5754518518518519,0.5681077777777778
0.3959390862944162,0.6293615468181563,0.5746755555555556,0.6436273699592633,0.5713925925925926,0.577856038647343
0.5532994923857868,0.6079250577553382,0.5855111111111111,0.6086348864758512,0.5899017543859648,0.5828074074074074
0.4873096446700508,0.589862736632831,0.5720355555555555,0.6199316986592818,0.5704296296296296,0.5732708534621579
0.3908629441624365,0.6146820971344313,0.5737422222222223,0.6157726277369749,0.5770924951267056,0.5843572732152442
0.4974619289340101,0.6461921627852827,0.5825066666666667,0.610322828104588,0.5831901234567901,0.5775227053140096
0.3604060913705584,0.6221138321119468,0.5822488888888889,0.6075109989433791,0.5859333333333332,0.5814452979066023
0.3756345177664975,0.6183162970561651,0.5842844444444445,0.6261164947521396,0.5889679012345678,0.5854072338772338
0.4619289340101523,0.642965445359615,0.5858133333333334,0.623733925569257,0.5857382716049382,0.5866338164251208
0.5380710659898477,0.6005692869383663,0.5801955555555556,0.6233791913195873,0.5750296296296297,0.5795849275362319
0.6395939086294417,0.6563821140181003,0.5866577777777778,0.6091213538946815,0.5911753086419753,0.5896868078781122
0.4568527918781725,0.5959823767275136,0.5797422222222223,0.6051612576349016,0.5833999999999999,0.5835344843446258
0.4517766497461929,0.6465663527413406,0.5852444444444446,0.6358928304070358,0.5855185185185184,0.5844748938661982
0.5329949238578681,0.6017323887921052,0.5747111111111112,0.6095382191805987,0.5738721247563353,0.5721775201288245
0.5888324873096447,0.5977270218914147,0.5748177777777779,0.6075079520210516,0.57348693957115,0.5715595959595959
0.5126903553299492,0.6474960251200728,0.5830577777777778,0.6331409398381315,0.5860049382716049,0.5808749275362319
0.4365482233502538,0.6393505573782994,0.5779822222222222,0.6424138385566154,0.5776814814814815,0.5704452979066023
0.4771573604060913,0.6375085539393258,0.5865866666666667,0.6302426349805482,0.5873481481481481,0.5857370370370371
0.482233502538071,0.6126953616828739,0.5862311111111111,0.6271239986305361,0.5853777777777778,0.5796916738816739
0.3908629441624365,0.607889710589778,0.5793155555555556,0.6339052766162075,0.5762444444444443,0.5751431313131313
0.467005076142132,0.6185669897889297,0.5829155555555556,0.5927770483634955,0.5776296296296296,0.5723077777777777
0.4720812182741117,0.606459308901202,0.5723644444444445,0.6397716670812124,0.5716740740740741,0.5669775201288245
0.4365482233502538,0.6176459104722432,0.5755733333333333,0.6339538743566377,0.5760407407407406,0.5691765773678817
0.5177664974619289,0.5843616337104366,0.5637866666666667,0.5679213286348475,0.5662938271604938,0.5726843551456595
0.5076142131979695,0.5999487395288486,0.5719111111111111,0.6232007900680087,0.5699851851851852,0.5687111111111111
0.4263959390862944,0.6327867937713917,0.5786044444444445,0.6446864053299424,0.5759758284600389,0.5728971497584541
0.4213197969543147,0.5990311111585271,0.5781244444444444,0.5715312761667447,0.5806666666666667,0.5810188888888889
0.416243654822335,0.6169545155039426,0.5789777777777778,0.5887588647549241,0.5795555555555555,0.5822338164251207
0.5025380710659898,0.5759866036093502,0.5726755555555556,0.5683467470474971,0.5699906432748538,0.571367149758454
0.4873096446700508,0.6243193394842862,0.5801511111111112,0.6454557875045959,0.5762518518518519,0.5790111111111111
0.4060913705583756,0.5932468149324632,0.57496,0.6300315506843353,0.5800350877192982,0.5772115942028986
0.4771573604060913,0.5946456182670337,0.5789511111111112,0.6012816869423251,0.5781333333333333,0.5806338164251208
0.482233502538071,0.610589593198124,0.5754577777777778,0.6319445693296766,0.5774666666666666,0.5855671497584541
0.4873096446700508,0.5955027393416814,0.5678755555555556,0.6157448606144158,0.567762962962963,0.5699404830917875
0.4771573604060913,0.6024973401839993,0.5737777777777778,0.6246472855923078,0.5763703703703704,0.5756666666666667
0.482233502538071,0.6383122427729335,0.5874133333333335,0.6671070945224984,0.5862814814814815,0.5868444444444445
0.4619289340101523,0.6423346051253195,0.5789777777777778,0.6324190547833008,0.5764740740740741,0.5762834745447789
0.4568527918781725,0.610125796126774,0.5900888888888889,0.6220800932878983,0.5921777777777777,0.5944888888888888
0.4111675126903553,0.6441171880056711,0.5837955555555556,0.6228789640234647,0.5881536062378168,0.5972215942028986
0.4720812182741117,0.5622592066867302,0.5693155555555556,0.5812596021430794,0.5657925925925926,0.5599777777777778
0.4923857868020304,0.5507493646335598,0.5760266666666667,0.5481660506089622,0.5698518518518518,0.5823555555555555
0.4568527918781725,0.5877592352046334,0.5719022222222222,0.6332044485069648,0.5727555555555556,0.5760115942028985
0.4568527918781725,0.6041085202344586,0.5742400000000001,0.6411430551385049,0.5770243386243386,0.583805684754522
0.5583756345177665,0.6255554704564558,0.5855466666666668,0.6682285757444164,0.5885185185185184,0.5904115942028986
0.4619289340101523,0.5790041002789917,0.5731644444444445,0.6018370361091263,0.5745777777777779,0.5733449275362319
0.4263959390862944,0.6076860283846018,0.5765244444444445,0.6237235125848664,0.5745333333333333,0.5747966666666666
0.4416243654822335,0.6010830450988434,0.5709777777777778,0.6025425828732216,0.5755111111111111,0.5837004830917875
0.4720812182741117,0.6206937767291073,0.5782488888888889,0.6604965747982693,0.5774666666666667,0.5774071497584541
0.4060913705583756,0.6044841389923847,0.5767644444444445,0.6070815092219354,0.5771111111111111,0.5785849275362319
0.5177664974619289,0.6050460975255108,0.5788266666666667,0.6171078801081653,0.578874074074074,0.5820515942028985
0.4720812182741117,0.6072685864050759,0.5750311111111112,0.638281057438616,0.5784148148148148,0.5760293719806764
0.467005076142132,0.6040863245227526,0.5752444444444444,0.661271651578271,0.5745777777777779,0.5758515942028986
0.4213197969543147,0.5859738447589561,0.5654933333333334,0.6283850319287939,0.5622518518518519,0.5727671497584541
0.4720812182741117,0.6012917287605662,0.58136,0.6302790741545493,0.5769777777777778,0.5786222222222221
0.3553299492385787,0.5903725077367378,0.5782133333333334,0.5968421674606535,0.5749980506822612,0.5743065436978481
0.350253807106599,0.587773397968076,0.5740000000000001,0.6428504607715053,0.5717333333333333,0.5797732103645147
0.4314720812182741,0.5713960062193016,0.5776355555555556,0.5927389991016663,0.5780296296296296,0.5754194558828705
0.5126903553299492,0.6019626288134325,0.5736888888888889,0.6215964472229876,0.5736,0.5714812238325282
0.5126903553299492,0.6016720525676987,0.5782577777777778,0.6327611207231821,0.5729777777777778,0.5822949494949494
0.482233502538071,0.5851734247660383,0.5700622222222222,0.6189493178712956,0.5702666666666667,0.5735849275362319
0.5583756345177665,0.6136805568189225,0.5858755555555557,0.6183535734167604,0.5887259259259259,0.5891415942028986
0.4416243654822335,0.5843049625748198,0.5667733333333335,0.6121041218979901,0.5614814814814815,0.5700293719806764
0.4314720812182741,0.5722285657866353,0.5659288888888889,0.6015459072791318,0.5618222222222222,0.572696038647343
0.482233502538071,0.6299545836154103,0.5874222222222223,0.6432208866782999,0.5900962962962962,0.5907228807526061
0.5888324873096447,0.6229527189467905,0.5883111111111112,0.5843124562457769,0.591437037037037,0.5913733333333333
0.416243654822335,0.6100988700054604,0.5790222222222223,0.6068631925012207,0.5788592592592593,0.5829777777777778
0.5279187817258884,0.5522431790856729,0.57616,0.6052425128082948,0.5718222222222222,0.5778555555555556
0.482233502538071,0.5952141476051577,0.5809866666666667,0.6188385176207901,0.5794222222222223,0.582219001610306
0.4974619289340101,0.5687068748964872,0.5769955555555556,0.6077369552453611,0.5732296296296296,0.5811000000000001
0.3705583756345177,0.6224907195129465,0.5822222222222223,0.6229288966514257,0.5819185185185185,0.5868227053140096
0.3908629441624365,0.6037369984289452,0.5822844444444446,0.6210376207062318,0.5748493827160494,0.5849188888888889
0.4923857868020304,0.6219444224522237,0.5900266666666667,0.6044764389637537,0.5902716049382716,0.5921299999999999
0.4263959390862944,0.6301138191500435,0.5840977777777778,0.6460952309275697,0.5833975308641974,0.5890082608695653
0.3401015228426396,0.5907771255644964,0.5831377777777779,0.5956254947991567,0.5820962962962963,0.5822515942028985
0.5177664974619289,0.6133122629587644,0.5841244444444444,0.6560278859306311,0.5868345679012346,0.5903509881422925
0.4111675126903553,0.6145901437302237,0.5878311111111112,0.6319189814311806,0.5943296296296295,0.5907928807526062
0.4263959390862944,0.6277692686322754,0.58552,0.6057671300407208,0.5832296296296297,0.5780888888888889
0.4111675126903553,0.6151254246835074,0.5765333333333333,0.6045981894621495,0.5753111111111111,0.5764782608695652
0.4314720812182741,0.5989675888009126,0.5758933333333334,0.61265049663792,0.5758567901234568,0.5767193719806764
0.3705583756345177,0.6207815642006248,0.5806755555555556,0.6749505544537913,0.5781037037037037,0.5805849275362319
0.5076142131979695,0.6225098355797881,0.5921333333333334,0.6469214819408409,0.5911753086419752,0.592250505050505
0.4467005076142132,0.6307567770901145,0.5865866666666667,0.6015881352469364,0.5895604938271604,0.5870082608695651
0.5025380710659898,0.6624345339901043,0.5963911111111113,0.5933601227404749,0.5974123456790124,0.6022555555555555
0.5431472081218274,0.6453539191766382,0.583448888888889,0.625102752967118,0.5870518518518518,0.5883188888888888
0.5329949238578681,0.6049233741083422,0.58392,0.5742611202462484,0.5809481481481481,0.5818004830917874
0.4111675126903553,0.6166447065471831,0.5781333333333334,0.6330582600087216,0.579037037037037,0.5828227053140097
0.4619289340101523,0.6216409004868952,0.5807555555555556,0.6107197284057072,0.5825703703703704,0.5866449275362319
0.3908629441624365,0.6407694630308443,0.5849066666666667,0.6664196730531712,0.5872222222222222,0.5872262140859394
0.3857868020304568,0.6013779375419288,0.5839555555555556,0.6052995861281846,0.5834716049382715,0.5854071497584541
0.3756345177664975,0.603559654686361,0.5833422222222223,0.6102047166774823,0.5829037037037037,0.5859955555555556
0.3908629441624365,0.6388260765920827,0.5834044444444446,0.618056877160783,0.5865091617933723,0.5813004830917875
0.4873096446700508,0.6213208121852402,0.5838044444444446,0.608701584661506,0.5832518518518519,0.5792293719806764
0.4974619289340101,0.6065758458224771,0.584088888888889,0.62348545900147,0.5865091617933723,0.5803671497584542
0.5228426395939086,0.6044612217985779,0.584168888888889,0.6028213797649713,0.5855925925925926,0.5810666666666667
0.4416243654822335,0.6198152894943941,0.581608888888889,0.5977882928090479,0.5811703703703703,0.5874782608695652
0.5076142131979695,0.6214719449894803,0.5790044444444444,0.6172870987706685,0.5766518518518517,0.5723522222222223
0.4416243654822335,0.6139032922983263,0.584728888888889,0.6244493261415772,0.5820444444444444,0.5870703703703704
0.416243654822335,0.6185657785310621,0.5770044444444444,0.6429996733455063,0.5746518518518519,0.5832041867954911
0.482233502538071,0.6216427528380483,0.5800444444444445,0.5929443307612703,0.5797684210526315,0.5797627053140096
0.365482233502538,0.5825103865169613,0.57184,0.5812737049499549,0.5700666666666666,0.5699415942028986
0.4263959390862944,0.6225826063958352,0.580648888888889,0.6125514613908611,0.5775313840155945,0.580696038647343
0.5228426395939086,0.6175704271768048,0.5766133333333334,0.6461581504180879,0.5751555555555555,0.5771004830917874
0.4467005076142132,0.585734808612772,0.5731022222222222,0.5700726266270728,0.5696350877192982,0.567807149758454
0.4060913705583756,0.6241320098888448,0.5733155555555556,0.6388482523979699,0.5673777777777778,0.5737893719806764
0.4060913705583756,0.6233664279651966,0.5769066666666667,0.6099662302707194,0.5755703703703703,0.5765627053140097
0.4517766497461929,0.5399118759024099,0.5696444444444444,0.5547338159568952,0.571111111111111,0.5661333333333334
0.4873096446700508,0.6167879836988914,0.5765155555555556,0.6261625210013358,0.5756202729044835,0.5761575486188529
0.4263959390862944,0.6093945019878622,0.58336,0.565502841595086,0.5845925925925926,0.5735555555555556
0.4568527918781725,0.6120823496232025,0.57528,0.6568585372132025,0.573362962962963,0.5777353548866593
0.3604060913705584,0.6324011926618163,0.5824800000000001,0.6428535805636217,0.5804296296296296,0.5802370370370371
0.4314720812182741,0.6338080888323773,0.5813333333333335,0.6151602823864115,0.5849777777777777,0.5794344729344729
0.4974619289340101,0.6121799981808412,0.5942977777777779,0.6152726088281274,0.5928832358674463,0.597879797979798
0.5025380710659898,0.6168717227224614,0.5810577777777778,0.6151309080335603,0.5816962962962963,0.5724082608695652
0.5431472081218274,0.62064361926842,0.5810933333333334,0.620039156109586,0.5783777777777778,0.5820888888888889
0.4517766497461929,0.5974796333206428,0.5882400000000001,0.6025609145777676,0.5869338531513969,0.5888858585858586
0.3401015228426396,0.6066484032465358,0.57712,0.6099053814977495,0.5791629629629629,0.5788749275362319
0.4974619289340101,0.590264524744738,0.5960355555555557,0.6097389587639622,0.5952296296296297,0.602130303030303
0.5076142131979695,0.6237831142968691,0.5852,0.615752680971434,0.5860592592592592,0.5855703703703704
0.3756345177664975,0.6347121653460441,0.5896444444444445,0.6382580972993414,0.5967037037037036,0.589725254921647
0.3807106598984771,0.595845341591748,0.5845866666666667,0.5930663348525781,0.5856888888888888,0.5788222222222222
0.3756345177664975,0.605734986176174,0.5813333333333335,0.5876293882059357,0.579874074074074,0.5820708534621578
0.467005076142132,0.5986084482362795,0.5862933333333333,0.5959016713985108,0.5806864197530863,0.5895177777777778
0.4873096446700508,0.6120321143353987,0.5862755555555557,0.6142329329547102,0.5841629629629629,0.5855555555555555
0.482233502538071,0.6067348595267326,0.5799022222222223,0.6075583493681196,0.5804814814814814,0.5826527053140097
0.5279187817258884,0.6105855558225268,0.5866577777777778,0.5886943400254282,0.5865679012345678,0.5895404830917874
0.4771573604060913,0.6034231445783486,0.5825333333333333,0.5924297745443873,0.5812666666666666,0.5837182608695652
0.4974619289340101,0.6248863913160577,0.5875911111111112,0.595495109248766,0.5901679012345677,0.5864304830917875
0.4263959390862944,0.6116249221019705,0.5829866666666668,0.5811696046633122,0.5860962962962962,0.58029307568438
0.4568527918781725,0.6518851302177779,0.5838311111111112,0.6012434919669639,0.5879629629629629,0.5853638164251208
0.4517766497461929,0.5796568141656773,0.57592,0.5742012515048324,0.5752518518518518,0.5742749275362319
0.5177664974619289,0.6281260434517166,0.5816355555555556,0.5851646809636318,0.5829703703703704,0.5784527053140096
0.4467005076142132,0.6192225886794644,0.5850933333333334,0.5973171836332554,0.5888641975308642,0.5825966666666667
0.4873096446700508,0.620562071404396,0.5857955555555556,0.5934390427016643,0.5878222222222221,0.5780707070707071
0.5076142131979695,0.6028265563847036,0.58416,0.5831114951982099,0.5896493827160493,0.587186038647343
0.4365482233502538,0.6355527830396269,0.5878044444444446,0.579641784544234,0.5881975308641976,0.5818262626262627
0.5126903553299492,0.6145066323357694,0.5888088888888889,0.6113514876361565,0.5936074074074074,0.5835871782484826
0.4720812182741117,0.587264957664374,0.5870222222222223,0.5775330451777558,0.5881827160493827,0.5840441867954912
0.482233502538071,0.6039145450883983,0.5830933333333334,0.5998248374344932,0.5843012345679012,0.5797309090909091
0.482233502538071,0.6078794722641885,0.5862222222222222,0.6075620683311135,0.5915308641975308,0.5842516783216782
0.5177664974619289,0.6180122249554861,0.5933244444444445,0.616796655574109,0.594553086419753,0.5970222222222222
0.4213197969543147,0.612915882292183,0.5846222222222223,0.5916705574077066,0.5882567901234568,0.5778209090909091
0.4974619289340101,0.6026574457085232,0.585848888888889,0.5840782748586903,0.5869185185185185,0.5868431313131313
0.4619289340101523,0.6129133936038057,0.5832711111111112,0.6079023495222239,0.5851037037037037,0.5785205115818159
0.5025380710659898,0.6326190280600086,0.5847111111111111,0.6093875180073778,0.5871777777777777,0.5860304830917874
0.4873096446700508,0.6230006966578274,0.5857333333333333,0.6240646087396677,0.5885679012345678,0.5853638164251208
0.5076142131979695,0.6243188688501731,0.5872711111111112,0.6173245605602183,0.5919012345679012,0.5838411111111111
0.4365482233502538,0.6140418324926187,0.5788266666666667,0.6204211494688897,0.5755111111111111,0.5760293719806764
0.4923857868020304,0.5990800940804557,0.5862311111111111,0.5911859936903469,0.588748148148148,0.5877893719806764
0.4720812182741117,0.6050603304858855,0.5805777777777779,0.5845938673231011,0.5800740740740741,0.5837597423510467
0.3756345177664975,0.6000056209236451,0.5830666666666667,0.6117839317907781,0.5835333333333332,0.5814441867954911
0.4365482233502538,0.6375929952307523,0.5833333333333334,0.6230087276109715,0.5830888888888888,0.5761819645732689
0.4619289340101523,0.606098688465548,0.5824800000000001,0.630036242024442,0.5833111111111111,0.5736527053140097
0.4365482233502538,0.6138179010901447,0.5826222222222223,0.6226636758068274,0.5832962962962963,0.5760316226929271
0.467005076142132,0.6191891710557427,0.58352,0.5996119935108143,0.584316049382716,0.5786708534621579
0.416243654822335,0.5988214744998172,0.584568888888889,0.6175120524379809,0.5832148148148149,0.5883375201288245
0.4619289340101523,0.5583763290859726,0.575288888888889,0.5632376716719703,0.5782592592592591,0.5750708534621578
0.5380710659898477,0.5723889968754338,0.5785866666666667,0.5786934218389361,0.5807851851851852,0.5821511111111111
0.5583756345177665,0.6063654715006289,0.5826577777777778,0.6294251123937314,0.5805925925925925,0.5863375201288245
0.4771573604060913,0.6122214736752849,0.5809422222222222,0.580323051355629,0.5798296296296296,0.5780897423510467
0.5482233502538071,0.5801118690262517,0.5839911111111111,0.598197174794109,0.5874074074074074,0.579288547008547
0.4060913705583756,0.6039084143944535,0.5798222222222222,0.6162224746606931,0.5816253086419751,0.5792897423510467
0.4974619289340101,0.6239087662027911,0.5910933333333334,0.6024352470125988,0.5936938271604938,0.5860550116550116
0.5888324873096447,0.5714575483972,0.5832355555555556,0.6273671045740147,0.5800444444444445,0.5786020202020202
0.5126903553299492,0.6284270812006919,0.5861866666666667,0.616971184863182,0.589441975308642,0.5788739005439005
0.3756345177664975,0.6482946518688446,0.5919022222222222,0.6085805744772878,0.5933925925925926,0.5824888888888888
0.4467005076142132,0.6181909174266391,0.5817155555555555,0.6220479987024382,0.5810592592592592,0.5723415942028985
0.4263959390862944,0.591384493242778,0.5815022222222223,0.5868934048068775,0.5862567901234568,0.5789986868686868
0.4213197969543147,0.59493467042672,0.5841511111111112,0.6225374479223411,0.583111111111111,0.5761077777777778
0.5329949238578681,0.6022169897888958,0.5889422222222223,0.6192244332463434,0.5854962962962963,0.5855975757575758
0.7715736040609137,0.5665729232099019,0.5770311111111112,0.6089560527479849,0.5789629629629629,0.5775764705882352
0.5786802030456852,0.5830661344383891,0.5867377777777778,0.6105785658030951,0.5853234567901234,0.5841855555555555
0.5786802030456852,0.6196654955024079,0.5891377777777778,0.6071710596771294,0.5920592592592592,0.5986733333333333
0.4467005076142132,0.6014525005431985,0.5900888888888889,0.5543759404455678,0.591516049382716,0.58984
0.467005076142132,0.5887410771743806,0.5825422222222223,0.5630036443039044,0.5820345679012345,0.5771552979066022
0.4416243654822335,0.5865330450821975,0.5811999999999999,0.5410390533898014,0.5795456790123457,0.577421964573269
0.4365482233502538,0.5843840579190929,0.5782133333333334,0.628663212640564,0.5764,0.5776214814814815
0.5431472081218274,0.5766687761128583,0.5735466666666666,0.5942366335738727,0.5709333333333333,0.5743108534621578
0.5126903553299492,0.5912224508860277,0.5842577777777779,0.5411531828094415,0.5831012345679012,0.5739086868686869
0.5177664974619289,0.5896363953377213,0.585768888888889,0.5718872280999023,0.58999012345679,0.5804875757575757
0.3705583756345177,0.5706879696816666,0.5906844444444446,0.5848887781304771,0.5924894087069525,0.5940414141414141
0.5126903553299492,0.6153287176495987,0.5777333333333334,0.6159712078810664,0.5762296296296296,0.5750515942028985
0.5076142131979695,0.6350361527656717,0.5923377777777779,0.6081599667401024,0.5940444444444444,0.5872740740740741
0.4213197969543147,0.5834513827313947,0.5786133333333334,0.5761174003013333,0.5789536062378168,0.5768293719806763
0.4111675126903553,0.5857118596817051,0.5799466666666666,0.594235588975223,0.5829333333333333,0.5744444444444444
0.4517766497461929,0.6038428552359212,0.6000177777777778,0.5752180275314654,0.6041185185185185,0.5994074074074074
0.4619289340101523,0.6124818069985504,0.5826222222222223,0.6314549324559285,0.5850716049382716,0.5818264090177133
0.3959390862944162,0.6119671698765916,0.581848888888889,0.6181359433564357,0.5827925925925925,0.5765819645732689
0.3857868020304568,0.603975128351276,0.5793422222222222,0.5524890474020482,0.5810222222222222,0.5822222222222222
0.5177664974619289,0.5516694934259003,0.5763111111111112,0.579799423958471,0.5736666666666667,0.5791904273504274
0.4010152284263959,0.593896832752068,0.5842844444444446,0.5523132648164296,0.5833999999999999,0.5816888888888889
0.4314720812182741,0.5800850421350346,0.5825422222222223,0.5430836566246182,0.5811925925925926,0.5805182608695653
0.5177664974619289,0.5811794025196373,0.5758666666666667,0.5866620596553228,0.5722666666666667,0.5754515942028986
0.4771573604060913,0.5797626076359552,0.5845066666666667,0.5466853921755092,0.5830888888888888,0.5838960386473431
0.5583756345177665,0.5652146978226267,0.5866755555555556,0.5776912886556202,0.5857530864197531,0.5918512180629828
0.4873096446700508,0.5730599594627106,0.5793155555555556,0.5614947897194728,0.5753703703703703,0.5775627053140097
0.3857868020304568,0.5871403244115694,0.5781777777777779,0.5706634632610628,0.5754888888888888,0.5791997423510468
0.4720812182741117,0.5943379303600194,0.5833688888888889,0.6056973921390891,0.5860197530864196,0.5790452979066023
0.416243654822335,0.5901844401330272,0.5805688888888889,0.5637578293186679,0.5806148148148147,0.5737597423510467
0.3604060913705584,0.5697338985365766,0.5762488888888889,0.5565441413145211,0.5743777777777777,0.5731735030348074
0.4213197969543147,0.5841501832571488,0.5812533333333334,0.5591515093832203,0.5823481481481481,0.5809777777777778
0.467005076142132,0.5729491107910405,0.5757422222222223,0.5913653633939762,0.5728444444444445,0.5760664090177134
0.365482233502538,0.5696556149209561,0.5808355555555557,0.5267102243361471,0.5799925925925925,0.5767552979066023
0.3705583756345177,0.5553193506818385,0.5789422222222224,0.5648981039231561,0.5766592592592592,0.5751546141459185
0.3908629441624365,0.5762877327577998,0.5762844444444445,0.5692816356199648,0.5745037037037036,0.572263492063492
0.4974619289340101,0.5847492722429227,0.5685422222222222,0.5921344629535704,0.568,0.564786038647343
0.4923857868020304,0.5650840046364896,0.5765066666666667,0.5828028966439824,0.5765111111111111,0.5748338164251208
0.4923857868020304,0.6055788380987515,0.5794311111111111,0.5719853056896103,0.5816666666666667,0.5777193719806764
0.3705583756345177,0.6013912014856622,0.5787555555555556,0.5698911645076482,0.5753555555555555,0.5752749275362319
0.4263959390862944,0.59163800697547,0.5809244444444445,0.5811328073893378,0.581,0.5751415942028986
0.5228426395939086,0.6313246891407671,0.58568,0.5822856286750845,0.5894518518518518,0.5953966666666667
0.5228426395939086,0.6561635510854973,0.5888888888888889,0.5713890127947512,0.5941629629629629,0.5954411111111111
0.4010152284263959,0.6025604692900446,0.5834222222222223,0.544268353244837,0.5883851851851851,0.5801151515151515
0.4771573604060913,0.6224310457808923,0.5857777777777778,0.6057826676687262,0.586674074074074,0.5811555555555555
0.467005076142132,0.6017047471150299,0.5794755555555556,0.6364953025184387,0.5777111111111111,0.5746982893595938
0.4720812182741117,0.5883560132332833,0.5773866666666667,0.6076579574915526,0.5750074074074074,0.5761997423510468
0.4619289340101523,0.6056501267430314,0.5798844444444444,0.5976508181251105,0.5799185185185184,0.58093307568438
0.4263959390862944,0.6176824005620472,0.5812177777777778,0.6018343536379036,0.5791925925925926,0.5781057252570296
0.3756345177664975,0.5936991934315816,0.5825333333333333,0.6108171212514978,0.5843185185185185,0.5854834745447789
0.350253807106599,0.5856676697183953,0.577208888888889,0.5961248984895828,0.5757925925925925,0.5774219645732689
0.3908629441624365,0.5955166424220592,0.5779022222222223,0.6243701724449309,0.5779185185185185,0.5809597423510466
0.4467005076142132,0.5984790893047086,0.5796533333333334,0.5986005359848225,0.5816074074074074,0.5769182608695652
0.4923857868020304,0.5999264204214916,0.5792711111111112,0.6029151898750953,0.5770444444444444,0.5650008534621578
0.4365482233502538,0.5688636600242438,0.5793511111111112,0.5676293831295549,0.5767753086419752,0.5776488215488216
0.4213197969543147,0.5965451398049013,0.5865155555555557,0.5943295012016716,0.5844518518518518,0.5880059829059829
0.4213197969543147,0.5510224057150199,0.57192,0.5828163423869586,0.5708,0.5803671497584542
0.5177664974619289,0.6024073851288557,0.583048888888889,0.5922086287627599,0.581911111111111,0.5740486312399355
0.3604060913705584,0.5693113201295618,0.5751111111111111,0.5876537695694767,0.5763185185185185,0.5777597423510467
0.4467005076142132,0.6093113303884619,0.5823466666666667,0.5904331836559337,0.5855604938271604,0.5831341867954911
0.4568527918781725,0.5754788077577511,0.5732444444444444,0.618738625814235,0.5708518518518518,0.57373307568438
0.4873096446700508,0.585380453449141,0.5793422222222223,0.6120548414276669,0.5805037037037036,0.5831849275362319
0.4365482233502538,0.6093542512399598,0.5815822222222222,0.6117369006582783,0.5833086419753086,0.5758201412114455
0.6649746192893401,0.6744030732873476,0.5869333333333334,0.6402657596769302,0.5900666666666666,0.5802971497584541
0.5431472081218274,0.6564972231726234,0.5907377777777778,0.6548327162673909,0.5964148148148147,0.5916085638998683
0.6091370558375635,0.6262181622362097,0.5786133333333333,0.6754224308682518,0.5825037037037036,0.5803893719806764
0.4771573604060913,0.6260869741431665,0.5821244444444446,0.5849709641090346,0.5846592592592592,0.5821893719806763
0.5888324873096447,0.611129638268973,0.5809511111111112,0.6719964130111804,0.5820148148148148,0.579273132664437
0.482233502538071,0.6165340193375946,0.5811733333333333,0.630888536091673,0.5830962962962962,0.5834404830917874
0.583756345177665,0.63660621094073,0.5875733333333335,0.6364490913411904,0.5869086419753087,0.5901960386473429
0.5279187817258884,0.5490216864983368,0.5765155555555556,0.5904516946772838,0.575837037037037,0.5810671497584541
0.6091370558375635,0.6022255678168575,0.5964355555555556,0.6465480058790323,0.5948,0.5959111111111111
0.4619289340101523,0.637208912787744,0.5862844444444445,0.6213270975063274,0.5936197530864197,0.5864764646464646
0.4974619289340101,0.6103607309521858,0.5777333333333333,0.6455712899997612,0.5744592592592592,0.5786671497584541
0.4263959390862944,0.6093958734364051,0.5818311111111112,0.6568296252620263,0.5790222222222222,0.5857138164251208
0.4974619289340101,0.6183426911634244,0.5827644444444444,0.6388153935710317,0.5782222222222222,0.582176038647343
0.5329949238578681,0.5821489699903204,0.5814400000000001,0.6037029854149137,0.5770666666666666,0.5801515942028986
0.5431472081218274,0.6045659249572346,0.5876266666666667,0.6118785244878401,0.5930716049382715,0.5868749275362318
0.6294416243654822,0.5911242972752273,0.5785422222222223,0.6110300994694692,0.5804074074074074,0.5748527053140097
0.4873096446700508,0.5876776182707597,0.5857866666666667,0.5802925468800648,0.5874716049382716,0.5879982608695653
0.4213197969543147,0.5908290145266356,0.5783911111111112,0.6051506715277861,0.5803037037037037,0.5749327053140096
0.4060913705583756,0.5863280093625469,0.5794133333333333,0.6106703599911507,0.5795555555555555,0.5849582608695653
0.4923857868020304,0.5914551081020994,0.578568888888889,0.5931267271568889,0.5809037037037037,0.5843315942028986
0.4923857868020304,0.583107332364729,0.578328888888889,0.6263728919990346,0.5793333333333333,0.5798415942028986
0.4619289340101523,0.5727691149334516,0.57584,0.5865354042303846,0.5749037037037036,0.5809515942028985
0.5431472081218274,0.6079799964736209,0.58264,0.5708392680724119,0.5830864197530864,0.579086038647343
0.4873096446700508,0.6240567996581107,0.5853600000000001,0.6121865693918692,0.5867777777777777,0.5771562140859395
0.4568527918781725,0.6273018627309855,0.5896177777777778,0.5677772350267214,0.5903037037037037,0.5846071497584542
0.4619289340101523,0.6316805445800516,0.5888444444444445,0.5831231353397209,0.5930962962962962,0.5861627053140097
0.4213197969543147,0.6388563317380369,0.5895377777777778,0.5909107697556865,0.5915333333333332,0.5857315942028986
0.4517766497461929,0.6179936015004182,0.5851555555555555,0.5382898009979388,0.5890716049382716,0.5827875757575758
0.4060913705583756,0.5920781309657754,0.5848444444444445,0.5707737649962293,0.5852888888888889,0.5846515942028985
0.4568527918781725,0.5481337334334243,0.5750488888888889,0.5857604359546816,0.570637037037037,0.5736182608695652
0.5025380710659898,0.6057288866190952,0.5840000000000001,0.6168832913497166,0.5787629629629629,0.5769666666666666
0.4720812182741117,0.5868057655449099,0.5789600000000001,0.5681490631314634,0.5774444444444444,0.5735738164251208
0.4365482233502538,0.5898158573776001,0.5801066666666668,0.6196659475582685,0.5775259259259259,0.5756182608695652
0.4720812182741117,0.5816001022191376,0.5834311111111111,0.5814592432009986,0.5834074074074073,0.5870404830917875
0.5177664974619289,0.6100459363185564,0.5799822222222223,0.6407721714862562,0.5850592592592592,0.5820522222222222
0.5025380710659898,0.5682847340360697,0.5775733333333334,0.5818202255777771,0.5745111111111111,0.57734
0.5989847715736041,0.6061052450587479,0.5825422222222223,0.5843631237314701,0.5809679012345679,0.5746522222222221
0.5076142131979695,0.5500503943684292,0.5753066666666666,0.5649974268757157,0.5747851851851852,0.5798404830917875
0.6345177664974619,0.5747419804522906,0.5897777777777778,0.5976354073510887,0.5868943469785575,0.587830303030303
0.416243654822335,0.5691596357807663,0.5825955555555555,0.5616622270672921,0.5859333333333332,0.5832527053140096
0.4619289340101523,0.5623817826046946,0.5767022222222222,0.6194027315283885,0.5737925925925925,0.5827597423510467
0.4060913705583756,0.6033524130874753,0.5795644444444444,0.5781695987941305,0.5783037037037037,0.5742452979066023
0.4568527918781725,0.5981057657294883,0.5838222222222222,0.6100743163494613,0.5848641975308642,0.5935415942028985
0.4365482233502538,0.5700267482896588,0.5808977777777778,0.5976171483245446,0.5792845679012345,0.5878115942028985
0.5126903553299492,0.5821153517267237,0.5826044444444445,0.5793180831151825,0.5813975308641974,0.5850053263966307
0.4873096446700508,0.5537662190400219,0.5842311111111111,0.5926154010522736,0.5853382716049382,0.5915851851851852
0.4060913705583756,0.5792656474442007,0.5812622222222222,0.628031289952629,0.5829629629629629,0.5866
0.3705583756345177,0.5763514600805831,0.5828533333333334,0.5971367217141457,0.5831185185185185,0.5785871782484826
0.4568527918781725,0.5847080375356204,0.5853422222222223,0.5806246142405764,0.5885827160493827,0.5844512180629827
0.482233502538071,0.5890526473619032,0.5859822222222222,0.5685271405128107,0.5881037037037036,0.57633
0.5431472081218274,0.6228760897210915,0.5885155555555557,0.5641096995132314,0.591353086419753,0.5853193719806763
0.4873096446700508,0.5895538345508756,0.5858488888888889,0.5599593574684963,0.5864444444444443,0.5888627053140096
0.5279187817258884,0.6056758108855627,0.587848888888889,0.5718189975907264,0.5916049382716049,0.5920843214756258
0.4365482233502538,0.5949499481435095,0.5816444444444445,0.5888382236457721,0.5809407407407408,0.5797819645732689
0.4720812182741117,0.6153522717539844,0.5871466666666667,0.5906420183683839,0.5870716049382716,0.5783688623072833
0.4416243654822335,0.6154360810872935,0.5901600000000001,0.60038840690404,0.592553086419753,0.581863872053872
0.4771573604060913,0.5866080901920153,0.5795022222222223,0.5294900165997445,0.581,0.5817782608695652
0.4517766497461929,0.5665435999406964,0.584008888888889,0.587735843822551,0.5844197530864197,0.5823467003367003
0.4213197969543147,0.6057683904216953,0.5841777777777779,0.5540175313799591,0.5839481481481481,0.5782191433788688
0.4416243654822335,0.5983930580978307,0.5852266666666667,0.6034865131785588,0.5849037037037036,0.5865338164251208
0.4111675126903553,0.5739949915520272,0.5851466666666667,0.6007675922947275,0.5847777777777777,0.5836893719806763
0.5380710659898477,0.5868294931417799,0.5926844444444446,0.563124453068836,0.5958128654970759,0.5924955555555556
0.4060913705583756,0.6035407060309369,0.5837777777777778,0.5815087049492089,0.5841629629629629,0.5801928807526061
0.4467005076142132,0.5886896249838101,0.5807733333333334,0.6241226483328715,0.5762814814814814,0.5777338164251208
0.4619289340101523,0.58438194352165,0.5793155555555556,0.58065221129571,0.5798518518518518,0.5756562140859395
0.4111675126903553,0.6000822449502512,0.5820444444444445,0.5814085017033314,0.5874518518518518,0.5828638164251208
0.4974619289340101,0.5990717269204744,0.5818666666666666,0.5666040777491572,0.5788592592592592,0.5805644444444444
0.467005076142132,0.5990509379870823,0.58352,0.5287434565235427,0.5850148148148148,0.5800893719806763
0.4720812182741117,0.5479177371918018,0.5743733333333333,0.5791006423260736,0.5745629629629629,0.5760945571658616
0.3857868020304568,0.6032651724568875,0.5852444444444445,0.569725513857791,0.5897777777777777,0.5864006585303839
0.4974619289340101,0.57481118041165,0.57504,0.6270145012296015,0.5738518518518518,0.5823738164251208
0.3807106598984771,0.5808634729724788,0.5813066666666667,0.5982656499283348,0.5796,0.5851115942028985
0.4619289340101523,0.5351904874145124,0.5788,0.5680752891908167,0.577437037037037,0.5821515942028985
0.3959390862944162,0.5898925955402976,0.5858577777777779,0.5708518762302333,0.5862074074074073,0.5872182608695652
0.3807106598984771,0.6281750897601293,0.5851644444444446,0.587729950836003,0.5863111111111111,0.58924
0.4060913705583756,0.5723271661070053,0.572471111111111,0.5408355179965619,0.5767111111111111,0.5723974603174603
0.4060913705583756,0.5679081554743407,0.5775377777777777,0.5606236898105176,0.5812148148148147,0.5761307936507937
0.3553299492385787,0.5794741361480744,0.5741244444444443,0.5880269100844675,0.577925925925926,0.5761333333333334
0.3705583756345177,0.5908649131146226,0.5759022222222222,0.594323157343782,0.5825925925925926,0.5878666666666666
0.4416243654822335,0.6101787666569307,0.5904800000000001,0.594640844796725,0.5958074074074073,0.5924843214756258
0.3604060913705584,0.5871444074675196,0.5825244444444445,0.6478495186563198,0.5786296296296296,0.5849418803418803
0.3705583756345177,0.6124274263595013,0.5888088888888889,0.6251600674932182,0.5890276803118909,0.599650505050505
0.3248730964467005,0.60291360378273,0.5923644444444445,0.6002064659814862,0.5911555555555555,0.5918666666666667
0.3350253807106599,0.6063135160864149,0.5785688888888889,0.634475923698067,0.5769333333333334,0.5835066666666667
0.2030456852791878,0.6227329118735145,0.5809511111111112,0.622427009325178,0.5847481481481481,0.5786527053140097
0.2284263959390862,0.6160571054307187,0.5844711111111113,0.6100591873527055,0.5867604938271604,0.5954053263966308
0.233502538071066,0.5933660632505948,0.5803644444444445,0.6266134881674976,0.5791012345679012,0.5790168078781123
0.1522842639593908,0.5903027321751517,0.5780444444444445,0.6213635539283103,0.5787012345679012,0.5769193719806763
0.248730964467005,0.602342024080982,0.5800622222222223,0.6136231848949414,0.5801851851851851,0.5868600790513834
0.248730964467005,0.5678162597390809,0.5763911111111111,0.6019604139536765,0.5722962962962963,0.5774288888888889
0.3350253807106599,0.6151335394738728,0.5792622222222222,0.5975103116079719,0.5770222222222222,0.5799415942028986
0.3401015228426396,0.6023672546867521,0.5748088888888889,0.6013607918704587,0.5747481481481481,0.5716304830917874
0.2639593908629442,0.5739160613185839,0.5732088888888889,0.589083848098612,0.5684666666666667,0.5715627053140097
0.4213197969543147,0.5927576113272783,0.5842577777777779,0.5614593313537106,0.5827461988304093,0.5848511111111111
0.3096446700507614,0.5779721003450575,0.5784444444444444,0.6190179136489781,0.576962962962963,0.5761849275362319
0.4060913705583756,0.5765429719701844,0.5784711111111112,0.5587194650194482,0.5804592592592592,0.5804515942028985
0.3248730964467005,0.5921236095740606,0.5774577777777778,0.6006234441021313,0.5767925925925925,0.5842886312399356
0.3197969543147208,0.5874601026468778,0.5816444444444445,0.5930759144539782,0.580049902534113,0.5855855555555556
0.3045685279187817,0.5827680285501615,0.5783911111111112,0.578003851015226,0.5732,0.5778738164251208
0.3248730964467005,0.5953011368175735,0.585048888888889,0.5983187805158824,0.5867604938271604,0.5862971497584542
0.3857868020304568,0.6469007768948989,0.5900800000000002,0.6441872076313504,0.5887407407407407,0.5856817696414951
0.2131979695431472,0.6197307514695106,0.5861244444444444,0.6187939784353843,0.5851703703703703,0.5869627053140096
0.2182741116751269,0.595015326667625,0.584408888888889,0.5790275809466869,0.5829481481481481,0.5925182608695652
0.2741116751269035,0.6379529563810806,0.5907022222222222,0.646992028507809,0.5890370370370369,0.598190884454299
0.3096446700507614,0.651115700510672,0.5967733333333334,0.6181841253356612,0.5914074074074074,0.5969464400098546
0.3807106598984771,0.6423655163767501,0.5929244444444445,0.5937109002921058,0.5907851851851851,0.5986808624955815
0.3299492385786802,0.6177178013971739,0.591528888888889,0.6209287592792487,0.5921629629629629,0.5985030847178037
0.3248730964467005,0.6219282487173032,0.5874755555555555,0.6587810380324307,0.5843407407407407,0.5914182608695652
0.299492385786802,0.6411095109476583,0.5989777777777779,0.5770276667372911,0.5971555555555556,0.5967511111111111
0.3096446700507614,0.6386662933248503,0.5863377777777778,0.6075360907109097,0.5888,0.5939115942028985
0.2690355329949238,0.607325382892605,0.5851288888888889,0.6240891980375366,0.586311111111111,0.5905115942028986
0.2741116751269035,0.5734937454181186,0.5819377777777779,0.5859330999631391,0.5808592592592593,0.5845111111111111
0.2791878172588832,0.606274729723436,0.5788266666666667,0.5773736306145113,0.5807753086419752,0.5881182608695652
0.1725888324873096,0.5562558730957413,0.5729422222222221,0.5614135405303027,0.5737185185185185,0.576456038647343
0.2030456852791878,0.561424671854508,0.57296,0.5523488544234003,0.5735851851851852,0.5805893719806763
0.1878172588832487,0.5694912733246517,0.5740355555555555,0.5367966424482528,0.5797185185185185,0.5880115942028986
0.1472081218274111,0.5919153368472002,0.5751644444444445,0.593173253538129,0.5792518518518518,0.5743498658078369
0.1928934010152284,0.6025164350940206,0.5834933333333334,0.5969314696622714,0.5846148148148147,0.5828206065485776
0.3096446700507614,0.6107404603080827,0.5887111111111112,0.6244254705437562,0.58519012345679,0.5856823012736057
0.2690355329949238,0.5843981338116233,0.5772622222222223,0.6039130368425372,0.5761592592592591,0.5803152979066023
0.3197969543147208,0.6076713613132598,0.5781155555555556,0.6209010307216987,0.5775456790123457,0.5885256682769726
0.1725888324873096,0.5874068653988613,0.577768888888889,0.6324474450341582,0.5754962962962963,0.5908028399941443
0.2538071065989847,0.6037731752030742,0.5805688888888889,0.6464371925575174,0.5787259259259259,0.5916579124579124
0.2944162436548223,0.5699506161948358,0.5783022222222223,0.5993673042326528,0.5782888888888889,0.5813193719806763
0.2081218274111675,0.5499022387901901,0.5773422222222223,0.5791804916043549,0.576037037037037,0.5798338164251208
0.2893401015228426,0.5923209436391534,0.5845600000000001,0.6108409631337993,0.5913481481481481,0.5887397979797979
0.233502538071066,0.5794569961185315,0.57616,0.5967412502431229,0.5796296296296296,0.5785227053140096
0.299492385786802,0.5381546086701323,0.5749155555555555,0.5835817741690394,0.5756148148148148,0.5815293719806763
0.3756345177664975,0.5854823407720854,0.5732444444444444,0.5689204709083523,0.5702074074074074,0.5739115942028985
0.2233502538071066,0.5713415118538389,0.5755111111111111,0.5986138526571263,0.570925925925926,0.5738304830917874
0.1979695431472081,0.5772857706382132,0.5828177777777779,0.5997294607892909,0.5802222222222222,0.5875177777777778
0.2233502538071066,0.5623684179880631,0.583368888888889,0.6270001640668192,0.5856864197530863,0.5871185185185185
0.2639593908629442,0.5697216922083348,0.5800444444444445,0.596735471575446,0.5807629629629629,0.5828823349436393
0.1928934010152284,0.5582717009662843,0.5776888888888889,0.5745501059356831,0.5746814814814816,0.5777182608695652
0.299492385786802,0.5850709023188023,0.5805866666666667,0.5994250467320879,0.5765851851851852,0.5799182608695652
0.1878172588832487,0.638004291145682,0.5847733333333334,0.677141855580149,0.5901777777777777,0.5996966666666667
0.2639593908629442,0.6063594817249043,0.5825955555555556,0.5782584587224265,0.5751185185185185,0.5856338271604938
0.299492385786802,0.6040057585303298,0.5855555555555556,0.5804952067523952,0.5857975308641975,0.5852293719806763
0.2233502538071066,0.6140612393817053,0.5897600000000001,0.5944864812083446,0.5914123456790122,0.5967719031749722
0.248730964467005,0.5989505229205399,0.5888533333333335,0.5873028794394681,0.5878444444444444,0.5871849275362319
0.2233502538071066,0.5864293496897544,0.5781155555555556,0.5893555017476189,0.5741728395061728,0.5906636363636364
0.1878172588832487,0.5840737716954916,0.5885688888888889,0.5896443438519088,0.5859851851851852,0.5872955555555556
0.2030456852791878,0.5330371767160078,0.5810222222222223,0.5848165127779407,0.5777259259259259,0.580096038647343
0.3147208121827411,0.6014284943274604,0.57752,0.6312883246015839,0.5811555555555555,0.5842527053140096
0.1776649746192893,0.6248678380768911,0.5776177777777777,0.5663302951465118,0.574612865497076,0.5735733333333333
0.2436548223350254,0.5845058041251164,0.5870755555555556,0.5785599884818774,0.5861777777777777,0.5882122222222221
0.4873096446700508,0.5922732153383456,0.5846311111111112,0.5942405779872213,0.5868148148148148,0.593535811990531
0.3350253807106599,0.652246519036494,0.586088888888889,0.6247294898999807,0.5895610136452242,0.5908895474192728
0.3604060913705584,0.6038776869281368,0.5862222222222222,0.6003817631718654,0.5873333333333334,0.5849777777777777
0.3807106598984771,0.6212285999372787,0.57592,0.579556764351735,0.5766666666666667,0.5878782608695652
0.3553299492385787,0.5928667193554258,0.5788711111111111,0.6051731751119963,0.5802296296296297,0.5806304830917874
0.3045685279187817,0.5660832236464631,0.57288,0.5715951663453984,0.5695037037037036,0.5834738164251208
0.3096446700507614,0.5672010455637224,0.5752977777777778,0.5957093820706184,0.5731555555555556,0.5775849275362319
0.233502538071066,0.5711346259101443,0.5778488888888889,0.6132949480341183,0.576237037037037,0.5855021165200875
0.3096446700507614,0.593984384678639,0.5833777777777779,0.583032797082361,0.5831333333333333,0.5857671497584541
0.350253807106599,0.61280947532344,0.5718933333333334,0.6405840407936033,0.5687111111111112,0.5727333333333333
0.365482233502538,0.5870378237021677,0.5809688888888889,0.5726698649407439,0.579575828460039,0.5751764646464647
0.2284263959390862,0.5938357901743918,0.5781244444444444,0.5666538249456611,0.5767165692007797,0.5819404830917874
0.1624365482233502,0.6116225601494018,0.5791733333333332,0.5870187967879608,0.5845239766081871,0.5847227053140096
0.2588832487309644,0.6029865075766034,0.5696888888888888,0.5701010541593264,0.5726222222222223,0.5732293719806764
0.1878172588832487,0.6422272650696187,0.5832622222222222,0.600170544779024,0.5923330301061295,0.5905966666666667
0.2893401015228426,0.642245085182759,0.5801955555555556,0.602184803657299,0.5826962962962963,0.5740282828282828
0.2182741116751269,0.6002046930639844,0.5733688888888889,0.5602843672913462,0.5790222222222222,0.5783004830917874
0.1573604060913705,0.5785482299278952,0.5717511111111111,0.5587191142320392,0.5775555555555556,0.5772782608695652
0.3045685279187817,0.5950841818931756,0.5769155555555555,0.6256418617487866,0.5739925925925926,0.5818782608695652
0.2538071065989847,0.5955949354845802,0.5749244444444445,0.6296256125524767,0.5762370370370371,0.5786071497584541
0.2131979695431472,0.5941407924101952,0.5785866666666667,0.6185454650765408,0.5797703703703704,0.5727638164251208
0.2233502538071066,0.6186421213676585,0.58272,0.5813651609851181,0.5873481481481481,0.5805111111111111
0.3045685279187817,0.6094029097297108,0.5844266666666668,0.6176901670892677,0.5859851851851852,0.5887542424242425
0.299492385786802,0.5989375498537693,0.5778755555555556,0.6321161757159699,0.5813037037037037,0.5822749275362319
0.2741116751269035,0.6104662240436454,0.5826488888888889,0.6120116415771887,0.5857777777777777,0.5764855555555556
0.2233502538071066,0.6078568860103334,0.5774400000000001,0.6032304774694459,0.578237037037037,0.5801893719806763
0.2588832487309644,0.615040990492375,0.5811555555555555,0.5836886043099717,0.5857629629629629,0.581025925925926
0.2284263959390862,0.6144902090759081,0.5847022222222222,0.6053806601329144,0.5900345679012345,0.5810971497584541
0.233502538071066,0.5906035947787643,0.580248888888889,0.5922304575639479,0.5835925925925927,0.5785671497584541
0.3096446700507614,0.6150246094575273,0.5853777777777778,0.5914047200033283,0.5895308641975308,0.5824527053140096
0.248730964467005,0.5994422412405661,0.5810933333333334,0.5482822715669957,0.5843333333333334,0.5826515942028986
0.3045685279187817,0.6010323487259904,0.5855555555555556,0.5643854586661798,0.5867456790123456,0.5844304830917875
0.2944162436548223,0.5946861514857189,0.5777866666666668,0.6182219691529749,0.5763333333333334,0.5767849275362319
0.2081218274111675,0.6064420275401051,0.5798311111111112,0.564577384402644,0.5788666666666666,0.5767404830917875
0.2842639593908629,0.6105723459349508,0.5804533333333334,0.6095092211959051,0.5825999999999999,0.5759193719806763
0.1725888324873096,0.5745237600949116,0.5796355555555557,0.5880760607614779,0.5828197530864198,0.5817449275362319
0.2690355329949238,0.5973143169895984,0.5823377777777778,0.602661699863396,0.5808074074074074,0.574674927536232
0.3350253807106599,0.5927998753058026,0.5756177777777778,0.5835450204281736,0.573274074074074,0.5740782608695653
0.2284263959390862,0.6039988165480399,0.5777777777777778,0.5853740315113924,0.5786074074074073,0.5748738164251207
0.2233502538071066,0.5971387116333806,0.5758044444444445,0.5754537165382606,0.5769629629629629,0.5784293719806763
0.182741116751269,0.5896135928376809,0.5773333333333334,0.5715969952922438,0.579274074074074,0.5771849275362319
0.3299492385786802,0.6104063279893222,0.5840355555555555,0.5939852841638484,0.5829037037037037,0.5824115942028986
0.2791878172588832,0.6073724577979884,0.5830844444444444,0.5686981843069298,0.579032098765432,0.5895641194554238
0.2791878172588832,0.5469738811596042,0.5701688888888888,0.5626112712184704,0.570962962962963,0.5685893719806763
0.2842639593908629,0.616464100122124,0.58704,0.6121818519847904,0.5866370370370371,0.5857182608695652
0.3350253807106599,0.5931529833242882,0.5681866666666667,0.6006998816334105,0.5696814814814815,0.565586038647343
0.2690355329949238,0.5888953166274942,0.5856355555555556,0.5372006335989101,0.5887111111111111,0.5824177777777778
0.2030456852791878,0.5901245844508902,0.5851022222222223,0.5866128981398445,0.5847185185185184,0.587586038647343
0.3197969543147208,0.5821343763997958,0.5803733333333334,0.5718255159345302,0.5825703703703704,0.5805227053140097
0.2842639593908629,0.6235101536501328,0.5773244444444445,0.5781173328751432,0.5808222222222222,0.5823893719806763
0.4314720812182741,0.6087341661961083,0.5881244444444444,0.5659527596121618,0.5883851851851851,0.5945747474747475
0.350253807106599,0.593529384236115,0.5751644444444445,0.5697711033523211,0.5740444444444445,0.5797227053140097
0.3451776649746192,0.5845290908083646,0.5870844444444445,0.593498524121278,0.5902864197530864,0.5887444444444444
0.3248730964467005,0.5804627847653763,0.5800977777777778,0.6011700614635329,0.586148148148148,0.5827555555555556
0.3604060913705584,0.6047977240835875,0.5848266666666668,0.579314625246942,0.5849407407407408,0.5813671497584542
0.1928934010152284,0.5781862746489788,0.5824000000000001,0.5459112392494395,0.5824814814814815,0.5787849275362319
0.248730964467005,0.5990408748920021,0.5786666666666667,0.6044846795702514,0.5779555555555556,0.5788738164251208
0.3604060913705584,0.6427128318322305,0.5777066666666667,0.5766255804737545,0.5808888888888889,0.5970855555555555
0.1421319796954314,0.6376865443519122,0.5806044444444445,0.5871845906651234,0.5813777777777778,0.5931288888888889
0.3299492385786802,0.6452406629343301,0.5859377777777779,0.5734748332730414,0.5869679012345679,0.5821893719806763
0.2791878172588832,0.591643908164958,0.5802577777777778,0.5822080212589151,0.5823456790123456,0.5747638164251208
0.248730964467005,0.6153055040724915,0.5847911111111112,0.5898565700431919,0.5908148148148148,0.5838304830917874
0.3147208121827411,0.6245004527885597,0.5871644444444445,0.6009591293788143,0.5909382716049382,0.5885638164251208
0.1878172588832487,0.6099238884255037,0.5853600000000001,0.5653605252543596,0.5895407407407407,0.5854071497584541
0.2131979695431472,0.572339013744886,0.5755022222222222,0.6128927214557636,0.5750222222222222,0.5795849275362319
0.2791878172588832,0.5956117811846254,0.5857422222222223,0.5569624061171554,0.5852074074074074,0.5862082608695652
0.0913705583756345,0.6037590317862529,0.5910400000000001,0.6259325558554842,0.5885777777777778,0.5895975757575758
0.2385786802030456,0.582358528049902,0.5818222222222222,0.569439844879352,0.5832740740740741,0.580944927536232
0.4365482233502538,0.6040473026229493,0.5858844444444444,0.5856927179501126,0.5918074074074073,0.5894411111111111
0.3299492385786802,0.5861244467300938,0.5771377777777777,0.6191519028224117,0.5752962962962962,0.5776264426877471
0.3857868020304568,0.5819606322619214,0.58064,0.5728417193789184,0.5812666666666666,0.5760971497584542
0.3299492385786802,0.6432598190286962,0.5818133333333334,0.5619686551193667,0.5866296296296296,0.5855849275362319
0.3299492385786802,0.569218166662149,0.5828177777777779,0.5709682141320387,0.5848296296296296,0.5811415942028986
0.365482233502538,0.5897748584912976,0.5789866666666668,0.609286382058297,0.5791111111111111,0.585096038647343
0.3197969543147208,0.5825252977842232,0.5793422222222222,0.6044597829472518,0.5762,0.5808071497584542
0.2944162436548223,0.59481918500156,0.5886044444444445,0.6090659796427956,0.5938271604938271,0.5869986868686868
0.248730964467005,0.5627093988363685,0.5807111111111112,0.5834149484523199,0.5813703703703703,0.5818782608695653
0.233502538071066,0.595658602158264,0.5863377777777778,0.621225517164103,0.5865851851851851,0.5845893719806764
0.2182741116751269,0.5518976745175943,0.5807733333333334,0.5985696811759257,0.5824074074074074,0.5789671497584541
0.2639593908629442,0.5817149538444975,0.5724444444444444,0.5618588835624816,0.5734592592592593,0.5747182608695652
0.3248730964467005,0.6025959431555072,0.5850666666666666,0.585050930942014,0.5887160493827159,0.5804782608695652
0.350253807106599,0.5797867490138865,0.5803377777777778,0.6137280084473723,0.5781980506822612,0.5766749275362318
0.3857868020304568,0.6040011944720685,0.5853333333333334,0.6263861657742575,0.58679012345679,0.5867489679402723
0.299492385786802,0.6126186848757823,0.5874844444444445,0.6123280739308399,0.5916666666666666,0.5870612523225567
0.3045685279187817,0.6050369180629931,0.5821155555555555,0.5606765082774771,0.5812395061728395,0.5828766233766234
0.3604060913705584,0.5646106304885391,0.5806222222222223,0.6081751198517147,0.5803555555555555,0.5797523809523809
0.1928934010152284,0.5684900569035047,0.5858933333333334,0.5603766210189335,0.5822518518518518,0.5916843214756258
0.2842639593908629,0.5867835677479498,0.5863999999999999,0.5744039529528171,0.5922518518518518,0.5809490476190476
0.1725888324873096,0.5416639249844617,0.5772,0.5535956555403302,0.5791259259259259,0.5768293719806763
0.1928934010152284,0.5801614362991615,0.5792266666666668,0.5750772141161082,0.5791629629629629,0.5826515942028986
0.2639593908629442,0.5910357385132985,0.5801511111111112,0.5874873677061362,0.5810716049382715,0.5883052365083056
0.3299492385786802,0.593329179124531,0.5888444444444445,0.6061617326468521,0.5912444444444444,0.5929509881422925
0.3197969543147208,0.5753802239574122,0.5838044444444445,0.6067654252123672,0.5791308641975308,0.5953732103645147
0.2893401015228426,0.5729731547140214,0.5773422222222222,0.5726550045650027,0.5759481481481481,0.5821627053140097
0.2791878172588832,0.5803854617129621,0.5856977777777779,0.5846648251143277,0.5835481481481481,0.5872
0.2893401015228426,0.5544686665066239,0.5806933333333334,0.5780089381338438,0.5782222222222222,0.5826338164251208
0.2081218274111675,0.5716234249900635,0.5768355555555557,0.5979453357813036,0.5755555555555556,0.5777849275362319
0.2385786802030456,0.5821612487600315,0.5869244444444446,0.5808592985240799,0.5902666666666667,0.5882304830917875
0.4314720812182741,0.6361369006439987,0.589688888888889,0.6441774008827299,0.5923407407407407,0.5936888888888889
0.5888324873096447,0.6454717557658853,0.5946133333333334,0.6986152119856434,0.5964592592592592,0.6103464400098546
0.5025380710659898,0.6196516336954412,0.5826577777777778,0.6797289636503872,0.5824148148148147,0.5964511111111112
0.4365482233502538,0.6387097891829703,0.5872622222222224,0.6734882521291523,0.5869555555555556,0.5900193719806763
0.3908629441624365,0.5935527860409796,0.5813688888888889,0.6004728750957787,0.582576430976431,0.5866627053140097
0.482233502538071,0.6054651283164955,0.5868711111111111,0.6068427185804582,0.5827037037037036,0.5883071497584541
0.4771573604060913,0.561384585568074,0.5865244444444444,0.5689354646903783,0.5831999999999999,0.58084
0.467005076142132,0.6304017581448781,0.5906222222222224,0.6302826110210433,0.5908148148148148,0.591886038647343
0.4720812182741117,0.6287328489663747,0.5850311111111112,0.5835106617916395,0.5838074074074073,0.5829744444444445
0.4974619289340101,0.617917885861004,0.5921155555555557,0.6076358469883472,0.585837037037037,0.5901288888888889
0.4416243654822335,0.64943053780297,0.5878488888888889,0.6256941963765491,0.5868148148148148,0.5885527053140097
0.5126903553299492,0.6239388245163137,0.5917333333333334,0.6183566397165784,0.5920740740740741,0.5967848238482385
0.4873096446700508,0.6425756541180763,0.5913955555555557,0.6560661220237224,0.5911851851851853,0.5944843214756258
0.5126903553299492,0.6211032031974317,0.5881066666666668,0.6191985436933197,0.5855456790123457,0.5977580342127532
0.4010152284263959,0.5890770340415299,0.5895111111111112,0.5480263709822714,0.5904296296296296,0.5941782608695652
0.4060913705583756,0.5882944112314159,0.5842044444444445,0.5899770879960957,0.5805481481481481,0.5835293719806763
0.4771573604060913,0.6190004648468375,0.5865600000000001,0.5659589882874776,0.5856592592592592,0.5913733333333333
0.4873096446700508,0.6122556126059601,0.5897866666666668,0.5915985209513407,0.5888592592592593,0.5896182608695651
0.482233502538071,0.5879416433937131,0.5895644444444444,0.580261634718144,0.583674074074074,0.5918177777777778
0.4111675126903553,0.5992209699802035,0.5849866666666668,0.6071669909025238,0.5839037037037036,0.5856182608695653
0.4619289340101523,0.5827377022125546,0.5834133333333333,0.5930297831013538,0.581362962962963,0.5814128888888889
0.5025380710659898,0.5902446015140699,0.5853688888888889,0.5846840623267255,0.5897629629629629,0.584297149758454
0.5228426395939086,0.6079246064089037,0.5964711111111112,0.5779747755092991,0.5944592592592592,0.596013468013468
0.4517766497461929,0.590516042735353,0.5902933333333334,0.6120711390852737,0.5933091617933722,0.5966575511209657
0.4568527918781725,0.6145836156351479,0.5870666666666667,0.6412914732598988,0.5867906432748538,0.5838849275362319
0.4720812182741117,0.6196002072015415,0.5855466666666667,0.6531224462247628,0.585508148148148,0.5929762962962963
0.4771573604060913,0.6400386925719994,0.5913600000000001,0.6273098962883691,0.5883999999999999,0.5910913675460865
0.5583756345177665,0.5989500067241665,0.5846133333333334,0.6031158982900948,0.5824888888888888,0.5793182608695653
0.4517766497461929,0.6263446070791899,0.5822933333333334,0.6439314943039429,0.5832222222222222,0.5868444444444444
0.467005076142132,0.6156956302164893,0.5848711111111111,0.6587619689930067,0.5845185185185184,0.5869638164251207
0.5786802030456852,0.6384763184534739,0.5980977777777778,0.5976771334608568,0.5958222222222221,0.596160404040404
0.467005076142132,0.6083296733992737,0.5919200000000001,0.6628340646896039,0.5900444444444445,0.5920727272727273
0.4467005076142132,0.566201254703847,0.57896,0.619065964766709,0.5749530864197531,0.5888843214756259
0.3401015228426396,0.5717772826222,0.5828533333333334,0.5868739105220151,0.5844962962962963,0.5873182608695653
0.4771573604060913,0.5814570817203205,0.5921244444444446,0.5779245040918669,0.5880493827160493,0.5919955555555556
0.4923857868020304,0.6159717624337752,0.5843911111111112,0.6542120388642949,0.5834444444444444,0.5828
0.4365482233502538,0.5944306167820069,0.5893244444444444,0.6254844387470953,0.5861975308641975,0.582186038647343
0.4771573604060913,0.5977957360674119,0.5866933333333334,0.6406947005869568,0.5861234567901235,0.5919732103645148
0.5177664974619289,0.5895735015799686,0.5920355555555556,0.575814722605254,0.5912938271604937,0.5955191919191919
0.5786802030456852,0.5925528724134181,0.5874311111111112,0.5927046054542117,0.584138791423002,0.5877627053140096
0.4619289340101523,0.600508872348735,0.5970222222222223,0.5986276708848981,0.5948345679012346,0.6008222222222221
0.4619289340101523,0.5794347682630764,0.58752,0.6114497321924838,0.5887111111111111,0.5964969696969697
0.4568527918781725,0.5866020389760125,0.5759822222222222,0.6193489404496005,0.5719185185185185,0.5804515942028985
0.4517766497461929,0.5950017745978052,0.5768177777777779,0.6478486825224609,0.576162962962963,0.5761849275362319
0.4771573604060913,0.5842178193100387,0.5744533333333333,0.6056489882479821,0.5704888888888889,0.575184927536232
0.5482233502538071,0.6172629247169467,0.5788177777777779,0.626160970712999,0.5756350877192983,0.5744601127214171
0.4873096446700508,0.6097637171194144,0.5858933333333335,0.6570671610125921,0.5775407407407407,0.590150505050505
0.4365482233502538,0.6128040555688551,0.5851555555555557,0.6452395964690811,0.5865666666666667,0.5917893719806763
0.4314720812182741,0.6101963218218738,0.5767199999999999,0.6379778743417207,0.5734074074074074,0.5779622222222223
0.467005076142132,0.6264179972358063,0.5865333333333334,0.6327246896065919,0.5837481481481481,0.587014074074074
0.3857868020304568,0.5829645494256668,0.5809155555555556,0.5940001697760812,0.5779851851851852,0.58274
0.4060913705583756,0.570410088778403,0.5781866666666667,0.6197118168620166,0.5720148148148149,0.5755177777777778
0.4263959390862944,0.6109405397682998,0.5823644444444446,0.619390787958605,0.5811185185185185,0.5806071497584541
0.4365482233502538,0.6010024868484481,0.5802222222222223,0.631661853834377,0.5750518518518519,0.57894
0.4974619289340101,0.5625146169482389,0.5802222222222223,0.5858272837059277,0.5719407407407407,0.5745844444444445
0.5177664974619289,0.6107451798081833,0.5849422222222223,0.6134469349034676,0.580474074074074,0.5934949494949495
0.4263959390862944,0.6097855189416033,0.5797955555555556,0.636932107761156,0.5728592592592593,0.5880738164251208
0.4923857868020304,0.6068551861542841,0.5825600000000001,0.6449617443155308,0.5778962962962962,0.5827177777777778
0.4873096446700508,0.585879101533241,0.5761866666666666,0.5918146774682296,0.5720148148148149,0.5768293719806763
0.4771573604060913,0.536149143749954,0.5787466666666667,0.5494454403729612,0.5767851851851852,0.5827962962962963
0.416243654822335,0.5867275325256734,0.5758311111111112,0.6427428010049313,0.5720888888888889,0.5785627053140097
0.3807106598984771,0.5934027448157873,0.5852711111111112,0.61347493305969,0.5802271604938272,0.5834177777777778
0.4314720812182741,0.5764903421829185,0.5798666666666668,0.5912850202908267,0.5826296296296296,0.5903695011796428
0.4619289340101523,0.5665314196059871,0.5802311111111111,0.5976196141363728,0.5781666666666667,0.5805066666666666
0.4923857868020304,0.5852701136732232,0.5835377777777778,0.6249544060697765,0.5824,0.5871299999999999
0.4213197969543147,0.5678859736981602,0.5852355555555556,0.5975334361668565,0.5819313840155945,0.5901171717171717
0.4619289340101523,0.6099903018359193,0.5856533333333335,0.6072447219941389,0.5863017543859649,0.5910727272727273
0.416243654822335,0.6070086660297993,0.585208888888889,0.6259459709663924,0.5820054580896686,0.5863111111111111
0.416243654822335,0.5663150467367524,0.5759466666666667,0.601412352285109,0.5755185185185185,0.5800176548089592
0.4365482233502538,0.5815313359267161,0.5774755555555555,0.5990790728330813,0.5759407407407408,0.5777182608695652
0.4517766497461929,0.5951215425038976,0.5882755555555557,0.6220872796793984,0.5824518518518519,0.5836077777777777
0.4619289340101523,0.6024868133078084,0.5782933333333333,0.6178115033179186,0.5724370370370371,0.5802066666666666
0.5634517766497462,0.6136557621347407,0.5802222222222222,0.6356532292467187,0.5781832358674464,0.5964843214756258
0.5431472081218274,0.5884298278081439,0.5896711111111113,0.6340951943243961,0.5840054580896685,0.5944949494949495
0.4365482233502538,0.5781226327936677,0.5925955555555557,0.6499945123582305,0.585437037037037,0.6020505050505051
0.4923857868020304,0.6158190644930248,0.5987377777777778,0.6006086374382176,0.5961777777777778,0.6063999999999999
0.5025380710659898,0.5353220956111022,0.5688799999999999,0.5039714109454834,0.5718666666666666,0.5778515942028986
0.5634517766497462,0.583849453406754,0.5821511111111112,0.6353625982891921,0.5805481481481481,0.5859065436978481
0.6548223350253807,0.5801990712988645,0.5741511111111111,0.6194496497032175,0.5739703703703704,0.5917078904991948
0.5126903553299492,0.5726071972632919,0.5748266666666666,0.60646733193961,0.5692,0.5810515942028985
0.5177664974619289,0.5906068805806263,0.5779733333333333,0.6144178594708194,0.5772493827160493,0.5822749275362319
0.4974619289340101,0.5965630693365666,0.5749866666666666,0.6219321777635716,0.5734148148148148,0.5732475771088815
0.6294416243654822,0.5890806792510049,0.5809955555555556,0.6251830236422407,0.5776666666666667,0.5828627053140096
0.5177664974619289,0.570010313631681,0.57544,0.6147210470059727,0.5743555555555555,0.5802515942028985
0.4568527918781725,0.5584070670649556,0.5761866666666666,0.6182166769158389,0.5711111111111111,0.5827849275362319
0.4873096446700508,0.5819751564243801,0.5802044444444445,0.6241963241433339,0.5742,0.5818515942028986
0.3807106598984771,0.5621333632620547,0.5738488888888889,0.6127790054243134,0.5691407407407407,0.5714071497584541
0.4771573604060913,0.558655767084685,0.5774311111111112,0.6326859303490567,0.5768074074074073,0.573986038647343
0.3807106598984771,0.5737854174723472,0.5767377777777778,0.6173012575363673,0.5728074074074074,0.5759849275362319
0.5126903553299492,0.5929810839712999,0.5800711111111111,0.6061467515311115,0.5825679012345679,0.5810262962962963
0.416243654822335,0.6034919535956162,0.5828355555555556,0.6331060595021507,0.5779777777777777,0.5748527053140097
0.4974619289340101,0.599508433895482,0.57976,0.5963053497736663,0.578925925925926,0.5765638164251208
0.4467005076142132,0.5834888526378038,0.5747555555555556,0.6403610435203912,0.5757555555555555,0.577149001610306
0.5076142131979695,0.5912957269130578,0.5868266666666668,0.61861571227178,0.5806864197530864,0.5909177777777778
0.482233502538071,0.5693921630628397,0.5731555555555554,0.5786598454546846,0.5737925925925925,0.5777893719806763
0.4060913705583756,0.5574509051124074,0.5723377777777777,0.5715938732611658,0.5738222222222222,0.5732293719806764
0.4619289340101523,0.5449115083458274,0.5776533333333334,0.6063854268292308,0.5730074074074074,0.5861287659200703
0.5126903553299492,0.592531969171423,0.5786488888888889,0.6118443077374517,0.5767012345679011,0.5863466666666667
0.4365482233502538,0.5731520057138519,0.5757155555555555,0.639355930691466,0.5716222222222221,0.5764749275362319
0.6192893401015228,0.6196946554491225,0.5793333333333334,0.6567301840700498,0.5781481481481481,0.5915148484848485
0.5532994923857868,0.6452420645722428,0.5852444444444445,0.6471791089933043,0.5855851851851851,0.6008522222222222
0.5279187817258884,0.6109578605520484,0.5782933333333333,0.6580876580075556,0.5768740740740741,0.5886733333333334
0.5279187817258884,0.5774448949390916,0.5795733333333333,0.6013829940215407,0.5784148148148148,0.5833333333333333
0.4568527918781725,0.6121690572599797,0.5805066666666667,0.6292316835392565,0.5796444444444444,0.582056038647343
0.3705583756345177,0.5933919566693941,0.5801066666666667,0.5914319259022377,0.5828222222222221,0.5794527053140096
0.4416243654822335,0.5900612348416278,0.5794933333333334,0.6365586967608203,0.5833386243386243,0.5897449275362319
0.4213197969543147,0.6240190783401738,0.5796355555555556,0.6239349726501933,0.5779259259259258,0.584896038647343
0.4213197969543147,0.6099512474162573,0.57864,0.6585482340619861,0.5764444444444444,0.5796293719806763
0.4974619289340101,0.5878373685433836,0.57616,0.5996854054178048,0.5734666666666667,0.5756082608695653
0.4517766497461929,0.6061787536923292,0.5764088888888889,0.6261554649855554,0.5764074074074073,0.5731415942028986
0.4873096446700508,0.5982611518143172,0.5793066666666667,0.6273299890938016,0.5790962962962962,0.5768304830917874
0.4873096446700508,0.5747757495979142,0.5810755555555556,0.5918048603309065,0.5798148148148148,0.5861627053140097
0.4568527918781725,0.569791434057859,0.5749155555555555,0.5611815160619575,0.5771259259259259,0.5773404830917874
0.4974619289340101,0.5965439859378917,0.5789244444444445,0.6148578668484783,0.5755185185185185,0.5771182608695652
0.4771573604060913,0.5626558956079917,0.5773244444444444,0.6025464402135013,0.571925925925926,0.5887954325867369
0.4619289340101523,0.5895264593244611,0.5756888888888889,0.6219986591608136,0.5710222222222223,0.5777627053140096
0.4974619289340101,0.6026444494335571,0.5794400000000001,0.665482224448674,0.5820592592592593,0.5805638164251208
0.4314720812182741,0.5879170808522298,0.5816355555555557,0.6076381019171171,0.5770814814814815,0.5836362962962963
0.4517766497461929,0.6018732467781643,0.5796533333333334,0.6108446522389599,0.5790716049382715,0.5841193719806763
0.4365482233502538,0.5743015258500331,0.5744977777777778,0.5930304609373156,0.5763851851851851,0.5803638164251208
0.4060913705583756,0.5808435823852811,0.5815644444444444,0.6460979921248197,0.5789925925925926,0.5832210678210679
0.4467005076142132,0.5908943023416194,0.5844711111111112,0.6146066685052761,0.5832345679012345,0.58453
0.4923857868020304,0.5951845596831894,0.5823822222222222,0.6062508996574683,0.5812049382716049,0.582841111111111
0.4010152284263959,0.5738143109247104,0.5907733333333335,0.5873752628018253,0.5853333333333333,0.59264
0.467005076142132,0.60644890151205,0.5814222222222223,0.6310701642349607,0.5793407407407407,0.576586038647343
0.4568527918781725,0.5737020456145239,0.5742133333333334,0.6240884466160651,0.5723333333333332,0.5822071497584541
0.4568527918781725,0.5879564793865425,0.5827377777777779,0.6027574739837421,0.5836493827160494,0.5890713921826966
0.5279187817258884,0.5702017518523943,0.5870666666666667,0.6385255047132707,0.5931765662142473,0.6001056847545219
0.5076142131979695,0.6004674857078112,0.5851733333333334,0.6196110953693421,0.5846074074074074,0.5880086868686869
0.467005076142132,0.56774839570533,0.58056,0.6215410406408188,0.5791925925925926,0.5800749275362319
0.4619289340101523,0.5867769323603009,0.5806044444444445,0.5974065113294745,0.5799851851851852,0.5838071497584542
0.5329949238578681,0.6068186217742357,0.5816888888888889,0.6086536890996429,0.5800444444444444,0.588384927536232
0.4263959390862944,0.5990611172073919,0.5832266666666668,0.6040482551972953,0.5821925925925925,0.5907627053140097
0.3908629441624365,0.5419101319277545,0.580408888888889,0.5892472646935556,0.5774,0.5832955555555556
0.4619289340101523,0.5670387824888037,0.5849244444444445,0.571431869741016,0.583437037037037,0.6011962962962962
0.5025380710659898,0.634095502939064,0.5878488888888889,0.637281592526751,0.5840444444444445,0.5918411111111112
0.4467005076142132,0.6254064940201853,0.5811022222222223,0.6271290256973305,0.5773925925925926,0.5786777777777778
0.649746192893401,0.5999419195138653,0.5892355555555556,0.580895346952934,0.5836444444444444,0.5852955555555556
0.4314720812182741,0.5761914383602293,0.57096,0.641932807035485,0.570162962962963,0.5741809104422149
0.4111675126903553,0.5828021917530334,0.5752177777777777,0.5877167496733275,0.575811111111111,0.5802387546967257
0.5228426395939086,0.613818876264728,0.5772977777777778,0.6027763734954399,0.5777037037037036,0.5783404830917874
0.4974619289340101,0.5964368909227559,0.5822666666666667,0.6480836454303349,0.5845629629629628,0.5844697979797979
0.4619289340101523,0.5555806057248122,0.5720711111111111,0.5881789541691577,0.5705037037037037,0.5698071497584541
0.4974619289340101,0.5505053234013797,0.5795466666666667,0.5789363141842597,0.5756,0.5828333333333333
0.5329949238578681,0.608340569514806,0.5751999999999999,0.6404696204710689,0.5757999999999999,0.5835193719806764
0.5329949238578681,0.5725242825638502,0.5767466666666666,0.6047944560815137,0.5729037037037037,0.57734
0.4060913705583756,0.565274024557878,0.56728,0.583824340602967,0.5697333333333333,0.573370112721417
0.5076142131979695,0.5949300788114252,0.5743822222222222,0.6498681889654265,0.5724888888888889,0.575621964573269
0.482233502538071,0.5742471549583937,0.5792,0.6095564410514501,0.5777975308641975,0.5933287659200703
0.3857868020304568,0.5849839634595887,0.5798933333333334,0.6217488648537008,0.5780518518518518,0.5766971497584541
0.4974619289340101,0.5832168997822506,0.5830844444444445,0.6188901845986416,0.5804592592592593,0.5834282828282829
0.4060913705583756,0.5794256819821542,0.5788,0.6078069739832541,0.5805037037037036,0.5795785975699019
0.3959390862944162,0.5819368274208909,0.5795733333333334,0.5701449595114941,0.578874074074074,0.5862733333333333
0.4619289340101523,0.5740533858730277,0.5780533333333333,0.5895058823959372,0.5751703703703703,0.5802733333333333
0.482233502538071,0.6001991030438049,0.5828977777777777,0.5822981182693849,0.5818814814814814,0.5853066666666666
0.3908629441624365,0.5702801880021877,0.5730044444444444,0.5996238952016381,0.5727111111111112,0.5735227053140097
0.4974619289340101,0.5990838238115391,0.5779644444444444,0.6144502769910446,0.5778222222222222,0.5856293719806763
0.5431472081218274,0.6395482235902962,0.5875644444444444,0.6537611309368832,0.5914555555555555,0.5939115942028985
0.5482233502538071,0.6216036427032231,0.5937244444444446,0.6072395970911825,0.5907259259259259,0.5946481571815718
0.5939086294416244,0.6535162888052459,0.5888266666666667,0.5928445275085538,0.5856296296296296,0.5974638383838383
0.5228426395939086,0.6189066004278542,0.5879111111111112,0.6406213585484619,0.5869925925925925,0.5924428826976017
0.4619289340101523,0.6464050434431975,0.5928977777777779,0.6268870960426131,0.5918814814814815,0.5919415942028986
0.5583756345177665,0.6387762899947882,0.5927822222222223,0.6143822619019299,0.5928592592592593,0.5930481571815718
0.5634517766497462,0.6056430753419293,0.5840711111111112,0.6091112624551207,0.5796,0.5838066666666667
0.4873096446700508,0.6078155750965635,0.5862311111111111,0.6172020222519228,0.5803555555555555,0.5885333333333334
0.6243654822335025,0.6205593229307939,0.591288888888889,0.5712546008079479,0.5889185185185185,0.5937733333333333
0.5177664974619289,0.6310694616624194,0.5850222222222222,0.5848054813775975,0.5854962962962963,0.5864333333333334
0.416243654822335,0.5692505467941703,0.5787644444444444,0.5707516895096674,0.5803111111111111,0.578930112721417
0.4416243654822335,0.561826555126475,0.5748800000000001,0.5701896001308335,0.5766222222222221,0.5805893719806764
0.6091370558375635,0.6007347403946809,0.5798133333333334,0.5881235451596797,0.5849037037037037,0.5835555555555556
0.5228426395939086,0.5886524186294929,0.5810577777777778,0.5953270474307898,0.5784148148148148,0.5821999999999999
0.4873096446700508,0.645843591329417,0.5883377777777778,0.6374096320600562,0.5899555555555556,0.5909111111111112
0.4771573604060913,0.606280477157987,0.5814222222222223,0.5990849147335123,0.5811111111111111,0.5902222222222222
0.4873096446700508,0.6022842434925002,0.5835466666666668,0.6184701606565023,0.5833777777777778,0.5878227053140097
0.5025380710659898,0.594758527429665,0.5831200000000001,0.601715408796358,0.5809481481481481,0.5858449275362319
0.5177664974619289,0.5889164189640174,0.583528888888889,0.6170020465323022,0.5842074074074074,0.5869782608695653
0.5532994923857868,0.6414597111276039,0.58952,0.5877061732097155,0.5923407407407406,0.5970671497584541
0.5279187817258884,0.6651562448318892,0.5914844444444445,0.6490772385937077,0.5937481481481481,0.5980228807526061
0.5329949238578681,0.6572847262443707,0.5885155555555556,0.640230077188666,0.5886814814814815,0.5924895474192728
0.482233502538071,0.6167252835955195,0.5881511111111112,0.6343444881642009,0.5913629629629629,0.5889177777777778
0.5329949238578681,0.6251551447782164,0.586648888888889,0.5488709266256735,0.5907703703703703,0.5931222222222221
0.416243654822335,0.5736206264878652,0.5852355555555556,0.5811035372520148,0.5896296296296296,0.5890071497584541
0.5888324873096447,0.5694419752032771,0.5923288888888888,0.5988755807156654,0.5892000000000001,0.5893626016260163
0.4568527918781725,0.6221172056528699,0.5967822222222223,0.5894061294232618,0.5977481481481481,0.604211111111111
0.467005076142132,0.561848115118503,0.5793511111111112,0.6296608909158365,0.581037037037037,0.5819728888888889
0.5025380710659898,0.6123440884999706,0.5870755555555556,0.6115656644250659,0.5905925925925926,0.582384
0.3756345177664975,0.5884566852989083,0.5830844444444445,0.5752870389685455,0.5864888888888888,0.5855671497584541
0.4568527918781725,0.6157980872959129,0.5850044444444445,0.5907781925897522,0.5874222222222222,0.583586038647343
0.4619289340101523,0.6144666551806208,0.5803911111111111,0.6293992205194651,0.5772888888888889,0.5842515942028986
0.4263959390862944,0.595026980534278,0.5774933333333333,0.6263053009513421,0.5806814814814815,0.5868115942028985
0.365482233502538,0.5675425503257538,0.5749066666666667,0.6186834336891255,0.5782222222222222,0.5814338164251208
0.4416243654822335,0.617355972743228,0.5797244444444445,0.63401825840894,0.5803851851851851,0.5830955555555556
0.5126903553299492,0.5907199578293205,0.5855644444444446,0.5828782637597537,0.5897481481481481,0.5758971497584541
0.482233502538071,0.6016734875026056,0.586728888888889,0.5790492697518557,0.5854814814814814,0.5912738164251208
0.5431472081218274,0.6045888290928089,0.5882755555555556,0.6289796515450411,0.5892148148148149,0.5890666666666666
0.5482233502538071,0.5855244080005297,0.5789688888888889,0.6251142937244415,0.5748592592592592,0.5770971497584542
0.3807106598984771,0.5758946712912776,0.5763822222222222,0.6082109627938417,0.5742296296296296,0.5773404830917874
0.4517766497461929,0.5915466463410634,0.5771822222222222,0.617037551416934,0.5775753086419753,0.5774082608695652
0.4111675126903553,0.5728988932835436,0.5736444444444444,0.6327276972734575,0.5678814814814814,0.5759849275362319
0.3756345177664975,0.5911721712257754,0.5766666666666667,0.6186785641273009,0.5771851851851852,0.5800293719806763
0.4619289340101523,0.6162615963221472,0.5847733333333334,0.6328951152917522,0.5827703703703704,0.5857627053140096
0.3959390862944162,0.6025757062526391,0.5811911111111112,0.6038604870105022,0.5824592592592592,0.5783404830917874
0.3959390862944162,0.5802192554740128,0.5716888888888888,0.613936155352076,0.5720148148148148,0.578296038647343
0.4213197969543147,0.6251281481971708,0.5884444444444445,0.6554941279139833,0.5860814814814815,0.5891188888888889
0.4213197969543147,0.5489023192432506,0.5748444444444444,0.6074123782207925,0.5728148148148149,0.5710782608695653
0.4314720812182741,0.6064409209947429,0.5807822222222223,0.6063516126316442,0.581353086419753,0.587819001610306
0.4111675126903553,0.5901690908778107,0.5793422222222222,0.621742827032342,0.5765684210526315,0.579786038647343
0.4873096446700508,0.5822923529953606,0.5856177777777777,0.6001696228064877,0.5842222222222222,0.5896282828282828
0.3451776649746192,0.6056730245515247,0.5830666666666667,0.6332352407539926,0.5818888888888888,0.5841193719806763
0.416243654822335,0.5628973098030677,0.5798933333333334,0.6437000105806764,0.5776054580896686,0.5772527053140096
0.4314720812182741,0.5672441166696994,0.5816355555555556,0.611853880904592,0.5804444444444444,0.5857844444444444
0.4213197969543147,0.5522964995600751,0.5754844444444445,0.6068677707969784,0.5754222222222223,0.585256038647343
0.5989847715736041,0.6278882942420544,0.5859555555555557,0.6465415705383799,0.585674074074074,0.5862527053140097
0.482233502538071,0.6047190445663813,0.5840799999999999,0.5931350666544002,0.5803703703703703,0.5800444444444445
0.4365482233502538,0.6047346634348367,0.5847288888888889,0.6469843099335815,0.5864,0.5811555555555555
0.4467005076142132,0.5959064215049008,0.58072,0.6204985048140764,0.5778370370370369,0.5748971497584541
0.4467005076142132,0.6072610028102763,0.5799288888888889,0.6321907163141611,0.5804888888888888,0.5782971497584541
0.5025380710659898,0.5947682291629857,0.5816177777777778,0.5916623432109896,0.580311111111111,0.5823511111111112
0.3705583756345177,0.5741409853199749,0.5736444444444445,0.601708394952276,0.5731111111111111,0.5737893719806764
0.4873096446700508,0.586989976646873,0.5961244444444446,0.5115408180955073,0.5940641975308641,0.5949555555555555
0.4060913705583756,0.5805535073766926,0.5701244444444444,0.6215910213892065,0.5661185185185186,0.5718338164251208
0.4619289340101523,0.5855185428090127,0.5841066666666668,0.6159693821328935,0.5836296296296296,0.5813182608695652
0.3807106598984771,0.5935374803234648,0.5789866666666668,0.6433056983183908,0.5774666666666666,0.5812600790513834
0.3857868020304568,0.5908831289342541,0.5777777777777778,0.6172565125409128,0.5756148148148148,0.5789923349436393
0.4467005076142132,0.6231081185196037,0.5775555555555556,0.6422398086645749,0.5744444444444444,0.5828115942028986
0.4517766497461929,0.5936964020706661,0.5798844444444444,0.6064052611181406,0.5807259259259259,0.5858782608695652
0.3857868020304568,0.5913020799376978,0.5767555555555556,0.6178901001495014,0.5766222222222223,0.5809004830917874
0.3959390862944162,0.5821923554235994,0.5817777777777778,0.613245254089287,0.5799407407407408,0.5815449275362319
0.4416243654822335,0.5958287548522062,0.5806222222222223,0.5773299792681043,0.5814814814814815,0.5819849275362319
0.416243654822335,0.5930860105631748,0.5754755555555556,0.6261127624589664,0.5740000000000001,0.5787849275362319
0.4213197969543147,0.6172128706918042,0.5764711111111112,0.6471291872754739,0.5769037037037036,0.574186038647343
0.5329949238578681,0.596517012756778,0.5759555555555556,0.6238961448271789,0.5733925925925926,0.5772115942028986
0.5076142131979695,0.6097469117752656,0.5847022222222222,0.5897408379693236,0.582511111111111,0.5820082608695653
0.4010152284263959,0.5688747161535619,0.5804533333333334,0.5715124401186022,0.5787037037037037,0.5848077777777778
0.3908629441624365,0.5761287103099155,0.573351111111111,0.5764230932585593,0.5765333333333333,0.5859227053140097
0.482233502538071,0.6133297210001173,0.5860177777777777,0.6164956411968323,0.5831703703703703,0.5812115942028986
0.3908629441624365,0.582509156628151,0.5772977777777778,0.5658819746239863,0.5828296296296296,0.5869671497584541
0.4213197969543147,0.587999919600936,0.5719555555555556,0.6300910042021307,0.569037037037037,0.5745182608695653
0.4467005076142132,0.5966222133314256,0.5787555555555556,0.5742587967312245,0.5789851851851852,0.5852304830917874
0.3756345177664975,0.5949382605664407,0.5771999999999999,0.6277950478645723,0.5736444444444444,0.5810738164251208
0.3959390862944162,0.5761407167610061,0.57728,0.585019565199426,0.5713333333333332,0.5783333333333334
0.4314720812182741,0.5887246750209904,0.5748444444444445,0.6302804237266381,0.5737777777777777,0.5795227053140096
0.4263959390862944,0.5864797160188535,0.5793066666666666,0.5796052814142842,0.5775851851851851,0.577256038647343
0.4771573604060913,0.5874026106044969,0.5793155555555556,0.6040818668258611,0.5807851851851851,0.5864738164251208
0.5279187817258884,0.607555651479204,0.5831377777777778,0.6140073660459922,0.580911111111111,0.583256038647343
0.4720812182741117,0.6213017472391863,0.5872266666666668,0.5950591843817037,0.5866962962962963,0.5907177777777778
0.5431472081218274,0.5900979043611156,0.5740266666666667,0.6131233998545418,0.5715555555555556,0.576856038647343
0.5177664974619289,0.6328082446721993,0.5975466666666668,0.6780345549745544,0.5930222222222222,0.589911111111111
0.5482233502538071,0.6127193328345897,0.5896977777777779,0.626756805879123,0.5853037037037037,0.5905844444444445
0.467005076142132,0.6443066792793717,0.59008,0.6515669587919419,0.5865333333333332,0.5874222222222222
0.6192893401015228,0.5741682542344323,0.5812177777777778,0.5854673187338935,0.5781333333333333,0.5797404830917875
0.4619289340101523,0.5837586749111109,0.585608888888889,0.5780454325045484,0.5874814814814814,0.5913182608695652
0.4111675126903553,0.5783475672216993,0.5767377777777778,0.6246982726744694,0.5747703703703704,0.5751745571658615
0.3807106598984771,0.5981964059353991,0.5782044444444445,0.630843634034474,0.5789333333333333,0.5822338164251208
0.4517766497461929,0.5986097606489547,0.5733066666666666,0.6376569157162402,0.5750666666666666,0.5700045571658615
0.4314720812182741,0.6173478661035462,0.5828266666666667,0.6172425062216382,0.5843555555555555,0.5732082608695652
0.4416243654822335,0.5733296950727717,0.574888888888889,0.6095292434392582,0.575437037037037,0.5753983843263554
0.4314720812182741,0.5978866089078335,0.5771733333333333,0.6252334707466679,0.5777777777777777,0.5769404830917875
0.3908629441624365,0.6052827450563817,0.5893777777777778,0.6354095283855377,0.5890814814814814,0.5930797979797979
0.416243654822335,0.6117956432866805,0.5854044444444445,0.6183348016932446,0.5799407407407408,0.5825844444444445
0.482233502538071,0.6088969673160322,0.5837600000000001,0.6226294004364046,0.5811407407407407,0.5852420202020202
0.4568527918781725,0.5939240209934056,0.5812266666666667,0.651320822696098,0.580074074074074,0.5829066666666667
0.5076142131979695,0.6109247454710698,0.5821155555555556,0.6449869104565613,0.5831851851851851,0.5771165324745035
0.4416243654822335,0.5711700375687592,0.5748711111111111,0.6049130764452381,0.5759925925925926,0.580786038647343
0.4010152284263959,0.584092478852162,0.5706222222222221,0.5904075561945693,0.5716074074074073,0.5756971497584541
0.4517766497461929,0.5981186602451831,0.586968888888889,0.6512133292839268,0.5871407407407407,0.5962231216931216
0.467005076142132,0.6220729905471483,0.5954666666666668,0.6009099348119821,0.5945234567901234,0.5963484848484848
0.4720812182741117,0.5933583120323264,0.5798044444444445,0.6285334638085794,0.5751851851851851,0.5784511111111111
0.416243654822335,0.6286425406657022,0.5864266666666667,0.6036551012863833,0.5860148148148148,0.5912177777777777
0.482233502538071,0.5753662580330376,0.5835733333333333,0.5961383254262937,0.5855407407407407,0.590574074074074
0.4111675126903553,0.6058630848584751,0.5833600000000001,0.6308200024080854,0.5789777777777777,0.5792738164251208
0.4365482233502538,0.6209021142245889,0.5848177777777779,0.6510265829747046,0.5851999999999999,0.5855415942028985
0.4314720812182741,0.6059091707883406,0.5812,0.6439135131858632,0.5818716049382715,0.5882293719806764
0.4923857868020304,0.6307910765174441,0.5855377777777777,0.6096994463030359,0.5892592592592593,0.5852601587301587
0.4010152284263959,0.5846198362134486,0.5786044444444445,0.6355575697322359,0.5749481481481481,0.5732749275362319
0.4720812182741117,0.5919777684455193,0.586657777777778,0.6313723414140994,0.5866074074074074,0.5853320202020202
0.3857868020304568,0.600461478943411,0.5807111111111112,0.6384939540164176,0.5801777777777778,0.5809638164251207
0.5685279187817259,0.6153719379820364,0.5821333333333333,0.6281006747926714,0.5845333333333333,0.5875111111111111
0.4467005076142132,0.5883015578525266,0.5854400000000001,0.5727563545582788,0.5855703703703703,0.585896038647343
0.4213197969543147,0.5428854906803059,0.5729688888888889,0.5295593214893004,0.5677629629629629,0.5710115942028986
0.4517766497461929,0.6080488442157177,0.5793155555555556,0.6144026264329233,0.5819259259259258,0.5770527053140097
0.3807106598984771,0.6059961259845748,0.5786844444444446,0.6191163501015086,0.5741037037037037,0.5774293719806763
0.4213197969543147,0.5928712414396806,0.5763733333333334,0.6277533341264406,0.5725481481481481,0.5748749275362319
0.482233502538071,0.615681886073253,0.5899022222222223,0.6149089476421258,0.5875604938271605,0.5889627053140096
0.4213197969543147,0.5974093724401102,0.5871911111111112,0.6329673852476737,0.5845234567901234,0.5868875757575758
0.4619289340101523,0.6062907397360614,0.5837688888888889,0.6316493922142572,0.5800938271604938,0.5849818518518518
0.467005076142132,0.6014511785428507,0.5833688888888889,0.6544109597553485,0.5753925925925926,0.586384927536232
0.4111675126903553,0.5747695774073748,0.577528888888889,0.623555936299889,0.5738148148148148,0.577296038647343
0.3604060913705584,0.6261699508879545,0.5962577777777778,0.6351851198257342,0.5935259259259259,0.5948444444444444
0.4416243654822335,0.6057999364869247,0.5828088888888889,0.6353119963985029,0.582,0.5827638164251208
0.4619289340101523,0.6194910305296013,0.5826133333333334,0.6672936641357314,0.5788296296296296,0.5887177777777778
0.3553299492385787,0.6339160794040875,0.5769688888888889,0.6837146707880595,0.5797333333333332,0.5744527053140097
0.4873096446700508,0.629032655295493,0.5774844444444445,0.6015840748799242,0.5737629629629629,0.5822293719806764
0.5939086294416244,0.6204835719305012,0.582,0.6015150590577766,0.579362962962963,0.5849474074074075
0.4568527918781725,0.6127303323607312,0.5899288888888891,0.6190423121627198,0.5898074074074073,0.59463
0.5126903553299492,0.6199788061497459,0.5895911111111113,0.6313466060969943,0.5902814814814814,0.5945151515151514
0.482233502538071,0.6147688384673348,0.5860266666666668,0.660677346447006,0.589911111111111,0.5935966666666667
0.3959390862944162,0.6448030618650668,0.5852355555555557,0.6489637639601586,0.5834666666666667,0.5877893719806764
0.3908629441624365,0.6267338208336047,0.5772266666666667,0.6278157754847866,0.5765629629629629,0.5764222222222222
0.482233502538071,0.6009452270512589,0.5734666666666667,0.6227600787526217,0.5755259259259259,0.5817449275362319
0.4416243654822335,0.6109179895298664,0.5766577777777777,0.6274774992864811,0.5754518518518519,0.5813227053140096
0.4111675126903553,0.6250680756959451,0.580648888888889,0.6111377091541907,0.582562962962963,0.5852293719806764
0.4416243654822335,0.618388099264765,0.5813688888888889,0.587500548250389,0.5839703703703704,0.5881004830917874
0.4213197969543147,0.5928326249725986,0.5771022222222223,0.6276528444089768,0.5762518518518518,0.5781227053140097
0.5076142131979695,0.6292593018906668,0.5816355555555556,0.6523781665323591,0.5801185185185185,0.5850971497584541
0.4923857868020304,0.6129211227346543,0.5802577777777778,0.62344284964114,0.581111111111111,0.5864398770311814
0.5583756345177665,0.6258370716184581,0.5861511111111112,0.5864053831524103,0.5880740740740741,0.5854971497584541
0.5685279187817259,0.6328866986878512,0.5860266666666667,0.6433758285630202,0.5904148148148147,0.5939955555555556
0.4517766497461929,0.636347604420193,0.5845599999999999,0.6981029780180871,0.5830666666666666,0.5851462222222222
0.4365482233502538,0.6200804402325903,0.5817866666666668,0.6773926718425697,0.5804,0.5756134989648033
0.7106598984771574,0.5994272765609652,0.5943911111111112,0.6839012839725336,0.588088888888889,0.5972266666666667
0.5888324873096447,0.6200338087873076,0.5777777777777777,0.638088494328852,0.5779555555555554,0.578426442687747
0.5228426395939086,0.6118888122697114,0.5763111111111111,0.6116508261676554,0.5757333333333333,0.5793227053140096
0.5177664974619289,0.6057449636890649,0.5762844444444444,0.6102892703044992,0.5729333333333333,0.5779555555555556
0.0253807106598984,0.5923238035221218,0.596408888888889,0.5572754174163671,0.5905185185185186,0.6015555555555555
0.5076142131979695,0.6322203247808978,0.57984,0.640988981429482,0.5792888888888889,0.5759638164251208
0.4060913705583756,0.6165321354523383,0.5785155555555556,0.6110613119570113,0.578474074074074,0.574674927536232
0.3451776649746192,0.6032135570881337,0.5746044444444445,0.6250901262761496,0.5737185185185185,0.5787182608695652
0.5634517766497462,0.5807204374789304,0.5664088888888889,0.5944820269582514,0.5652444444444444,0.5669893719806763
0.4213197969543147,0.6042164819104412,0.5767555555555556,0.637055208345805,0.5734074074074075,0.5758844444444444
0.3857868020304568,0.5937604546018592,0.5864977777777778,0.5765460958156856,0.5808740740740741,0.593050505050505
0.4365482233502538,0.6545323651422992,0.5852888888888889,0.633144386086981,0.5857777777777777,0.5849004830917874
0.5025380710659898,0.6214135477346077,0.5849066666666667,0.6463420723087172,0.5841185185185185,0.5927509881422924
0.4263959390862944,0.6117781339581144,0.5784622222222222,0.6033424168617183,0.5804444444444444,0.5852115942028986
0.3045685279187817,0.6425085219232614,0.5862666666666667,0.5873886749223989,0.5867111111111111,0.5883333333333334
0.4619289340101523,0.5901525862102729,0.5772711111111111,0.573347040417137,0.5749037037037037,0.5788777777777778
0.4010152284263959,0.6048865538560343,0.5800266666666667,0.5977887997588032,0.5812148148148149,0.5819893719806764
0.4923857868020304,0.619617487765992,0.5789155555555556,0.6204155809021118,0.5814222222222222,0.5921671497584541
0.5431472081218274,0.6081120507871313,0.5694666666666667,0.5844507531954948,0.5691111111111111,0.5700115942028986
0.4111675126903553,0.6267104680230791,0.5777422222222222,0.6137565111422922,0.5797037037037036,0.577944927536232
0.4720812182741117,0.6158609252600964,0.5779822222222222,0.6165971004632282,0.5734962962962963,0.5824733333333334
0.5025380710659898,0.6134900862527568,0.5777422222222223,0.6144039966185005,0.5763703703703704,0.5770782608695653
0.5380710659898477,0.6008179405019719,0.5748266666666667,0.6099253545224461,0.5672444444444444,0.5703066666666666
0.4467005076142132,0.6189452174459634,0.5751555555555555,0.6179445511610926,0.573525925925926,0.5740115942028986
0.5380710659898477,0.6027186584393054,0.5682844444444445,0.614925044752679,0.5634962962962963,0.568456038647343
0.4619289340101523,0.6075497819109188,0.5702311111111111,0.6446636715763367,0.5681925925925926,0.5721638164251208
0.3908629441624365,0.6212022662456489,0.5801155555555556,0.5970234107907286,0.582153086419753,0.5878695066608111
0.4974619289340101,0.6107404069369231,0.5723377777777778,0.6396418118019856,0.572,0.5765449275362319
0.4467005076142132,0.574373766589412,0.5677155555555555,0.5900990718387489,0.5670222222222222,0.5654304830917875
0.5532994923857868,0.6294650271926021,0.5918222222222222,0.6621687887812281,0.5942074074074074,0.5953304400098546
0.467005076142132,0.627569074486392,0.5859911111111111,0.6618894226609418,0.5862518518518518,0.584386038647343
0.4213197969543147,0.5864403900523726,0.5752444444444444,0.6000354923800202,0.5733925925925926,0.5752338164251207
0.416243654822335,0.6250737719396473,0.5817955555555556,0.5859482819562843,0.5834716049382715,0.5895415942028985
0.4060913705583756,0.6142715515962168,0.5815111111111112,0.6492810174211546,0.5808074074074073,0.5847415942028986
0.350253807106599,0.594702443175321,0.5770044444444444,0.613859488846146,0.5776222222222221,0.5803182608695652
0.4517766497461929,0.6063943501384349,0.5778133333333333,0.6135261789302369,0.5743111111111111,0.5797182608695652
0.4263959390862944,0.5915862958403337,0.5751022222222222,0.5811417610923514,0.573437037037037,0.5749004830917874
0.350253807106599,0.5847174251873102,0.5727644444444444,0.6184629215822784,0.5695407407407407,0.5737967793880837
0.4873096446700508,0.6321523693653859,0.579848888888889,0.6383212291197876,0.5798370370370369,0.5868338164251208
0.4619289340101523,0.6290132841243701,0.5832533333333334,0.6629049206128604,0.5806814814814815,0.5793415942028985
0.4974619289340101,0.6173780024440462,0.5820977777777778,0.6362403956855435,0.581274074074074,0.5798749275362319
0.5126903553299492,0.6303311397261925,0.58608,0.6665273070560809,0.5867851851851851,0.5820971497584541
0.5736040609137056,0.5894893429023855,0.57536,0.5957166813671472,0.5743259259259259,0.576056038647343
0.4365482233502538,0.5788380563672115,0.5731022222222222,0.5480542871937824,0.5781975308641975,0.5821893719806763
0.4619289340101523,0.6151884052536337,0.5801955555555556,0.6499340865435866,0.5828740740740741,0.5824338164251208
0.467005076142132,0.6271423895563396,0.5811733333333334,0.6273930206696477,0.5795925925925925,0.5774600790513834
0.4467005076142132,0.6210525220614106,0.5821422222222222,0.6418530110355999,0.5839185185185185,0.5818782608695652
0.5329949238578681,0.5916279396363934,0.5742755555555555,0.6349063295878085,0.5724962962962963,0.5795108534621578
0.3908629441624365,0.6131195233029504,0.5803377777777778,0.630480049592163,0.5784074074074074,0.5782304830917875
0.4213197969543147,0.6129238651666704,0.5801777777777778,0.6357412869563447,0.5798518518518518,0.5811449275362319
0.5076142131979695,0.6149991008594076,0.5771111111111111,0.623569170089717,0.5786518518518519,0.5786188888888889
0.4619289340101523,0.5957507258163139,0.5862133333333334,0.6445813534201129,0.5851604938271604,0.5977060606060606
0.4720812182741117,0.6052712339790819,0.5850311111111112,0.6246730685658854,0.5838037037037036,0.5953666666666666
0.3756345177664975,0.6183606658982791,0.57544,0.64059865799559,0.575311111111111,0.580749001610306
0.4111675126903553,0.5967487837879099,0.5780355555555556,0.5983678907570339,0.5764518518518518,0.5855444444444444
0.4111675126903553,0.5926959491955505,0.5766933333333333,0.5993047677857363,0.5740296296296296,0.5883627053140097
0.4213197969543147,0.5839168823558685,0.58192,0.6089263160839338,0.5776,0.5866733333333334
0.5888324873096447,0.6150307947342623,0.5823466666666667,0.6068351693629968,0.5807851851851852,0.5896282828282828
0.3908629441624365,0.5959218637768567,0.5768177777777778,0.6078379301672059,0.5762271604938272,0.5800082608695651
0.4720812182741117,0.6042797451839972,0.5709422222222222,0.6340511154516051,0.5736629629629629,0.5748041867954912
0.4060913705583756,0.6148481549027063,0.5831822222222223,0.6135882271237828,0.5808814814814816,0.5860738164251208
0.3451776649746192,0.5996535304410621,0.5749866666666668,0.6176189256081402,0.5728962962962962,0.5783227053140096
0.3756345177664975,0.6239453651613309,0.5818844444444445,0.6534965341530119,0.5803185185185185,0.5869711901624945
0.4467005076142132,0.6027054248673803,0.5776444444444444,0.6678974127338407,0.5756222222222221,0.5839711901624944
0.467005076142132,0.5848762105503462,0.5746222222222223,0.6338818112021615,0.5730518518518518,0.5727193719806764
0.416243654822335,0.5841016222033295,0.5708799999999999,0.6470747548854194,0.5674518518518519,0.5749627053140097
0.4619289340101523,0.5784158384207688,0.579768888888889,0.6203467325627976,0.5763851851851851,0.5864620992534036
0.0101522842639593,0.5918195265599822,0.5906222222222224,0.5895903641696141,0.592037037037037,0.6014555555555555
0.3857868020304568,0.5905063220450452,0.5746311111111111,0.6162602703893516,0.567175828460039,0.5716527053140097
0.5228426395939086,0.6153365444664318,0.5860888888888889,0.6026603898904392,0.5853481481481482,0.5907838383838384
0.4517766497461929,0.5971399161248199,0.5831377777777778,0.6235537999519672,0.5823259259259259,0.5819744444444445
0.4416243654822335,0.5840682562141359,0.5831377777777778,0.5998235223078472,0.5848740740740741,0.590050505050505
0.4517766497461929,0.584388835370165,0.5903288888888889,0.6246328935278211,0.5867259259259259,0.5841966666666667
0.3908629441624365,0.5992299746767931,0.5811466666666667,0.6003797898187124,0.5845975308641975,0.585986038647343
0.3908629441624365,0.5878023209679557,0.5807733333333334,0.608331633147003,0.5804814814814814,0.5794338164251208
0.3553299492385787,0.5839041062086757,0.5788711111111111,0.643352670645914,0.5780444444444444,0.5821638164251208
0.3807106598984771,0.5822074518215968,0.5794844444444446,0.6104541706017053,0.5781259259259259,0.5861712238325282
0.4619289340101523,0.6334122458098213,0.5860977777777778,0.6533572231921444,0.5863407407407407,0.5809415942028986
0.4314720812182741,0.5671866419995698,0.5685066666666666,0.5825145990150178,0.5682074074074074,0.5689449275362319
0.3857868020304568,0.6153849630703148,0.5806222222222223,0.6322434233401698,0.5795111111111111,0.5731193719806763
0.4314720812182741,0.6353270937409959,0.5854133333333333,0.6310921179350729,0.5815111111111111,0.580056038647343
0.482233502538071,0.5972180529424053,0.5793866666666667,0.6202689940000061,0.5758222222222222,0.5755616161616162
0.4568527918781725,0.6195478148511167,0.5789955555555556,0.6062336801635649,0.5773333333333334,0.577986038647343
0.4467005076142132,0.6468019391693903,0.5885066666666667,0.5893861505637729,0.593511111111111,0.5943999999999999
0.5583756345177665,0.6003555149446939,0.5897866666666667,0.6536920983775688,0.5881777777777778,0.5867542483660131
0.4467005076142132,0.6240598932055923,0.5782222222222223,0.6550285281280812,0.5774370370370371,0.5738304830917874
0.3807106598984771,0.639333225324077,0.5850666666666667,0.6452400452200436,0.5905333333333332,0.5850782608695652
0.3705583756345177,0.6143992484537589,0.5783200000000001,0.6231577800928404,0.5793185185185185,0.5785227053140096
0.4365482233502538,0.6408358333282687,0.5826133333333334,0.6407442739490172,0.5849832358674464,0.5841855555555555
0.4771573604060913,0.595009861607479,0.5753777777777778,0.5739916239292535,0.5762222222222222,0.5806115942028985
0.4771573604060913,0.6193858774091756,0.5797866666666667,0.6495425552845979,0.580162962962963,0.5770806122907539
0.3908629441624365,0.6484157526030145,0.5872,0.615702874204711,0.5888592592592592,0.5866666666666667
0.4974619289340101,0.6310152658294925,0.5857777777777778,0.6290092301821604,0.581274074074074,0.5793777777777778
0.5786802030456852,0.6362791523652138,0.5906044444444445,0.632072306713285,0.5896148148148148,0.585082380952381
0.4619289340101523,0.6345271755692207,0.57576,0.6645701396005734,0.5780830687830687,0.5814246863648279
0.4263959390862944,0.627997639673584,0.5823911111111112,0.6553428259973304,0.5827555555555555,0.5823449275362319
0.4314720812182741,0.6477331928205589,0.5786222222222224,0.6476224474824296,0.5784148148148148,0.5772115942028986
0.5126903553299492,0.6571482690170776,0.5810844444444445,0.6162137138458993,0.585037037037037,0.5854188888888888
0.583756345177665,0.6569415112623143,0.5917155555555556,0.6312038744390511,0.5900592592592593,0.5883744444444444
0.467005076142132,0.6128400439480206,0.57552,0.6177896814245997,0.5711111111111111,0.5701111111111111
0.4365482233502538,0.6451206996791677,0.5819911111111112,0.6260432398997695,0.5827461988304093,0.5881555555555555
0.4517766497461929,0.6530629022912824,0.5822400000000001,0.6075282438460786,0.5825684210526315,0.5897745571658615
0.4060913705583756,0.6488778939147444,0.585048888888889,0.6520976041928167,0.5835703703703703,0.5827004830917875
0.4467005076142132,0.6483934588445891,0.5844622222222223,0.645201820789727,0.5848148148148148,0.5881004830917874
0.4314720812182741,0.6208102253191369,0.5808888888888889,0.6638874297224003,0.5752888888888888,0.5816293719806764
0.467005076142132,0.6161644244822585,0.5794311111111112,0.6467788458093946,0.5798666666666666,0.5767764646464646
0.4314720812182741,0.6174733229820266,0.5766222222222223,0.6402004055144817,0.5772148148148147,0.5821004830917874
0.4517766497461929,0.6391555367778865,0.58392,0.6362740343233807,0.5847851851851851,0.5901638164251208
0.4720812182741117,0.6199290840117919,0.5881066666666668,0.6292695908486103,0.5921185185185185,0.5910875757575758
0.4365482233502538,0.6257823213997784,0.5857600000000001,0.6234836506481063,0.5866518518518518,0.5889309090909091
0.467005076142132,0.6103302642882749,0.5756622222222223,0.6599969566924982,0.5724592592592593,0.5768738164251208
0.3807106598984771,0.6416939330472408,0.5856355555555557,0.626327221744656,0.5860148148148148,0.5774527053140097
0.4314720812182741,0.6433814968389615,0.5834222222222223,0.6184394489017693,0.5845925925925926,0.5800527053140097
0.4263959390862944,0.6228943923261319,0.5812444444444445,0.5764410788026452,0.5821037037037037,0.5857627053140096
0.4619289340101523,0.6295715318223218,0.5805688888888889,0.5919755502757402,0.581674074074074,0.5840293719806763
0.4060913705583756,0.6341409874290987,0.5854044444444445,0.6409519843639675,0.5882518518518518,0.5854527053140097
0.4619289340101523,0.6487302230119182,0.5867111111111112,0.6352729333774406,0.5846370370370371,0.5817415942028986
0.4619289340101523,0.6617611627900992,0.5858044444444446,0.6558593404162955,0.5865777777777778,0.5944856682769726
0.4416243654822335,0.624406442337673,0.5725155555555556,0.628488629664718,0.573274074074074,0.5809004830917874
0.5329949238578681,0.6408609273333159,0.5831200000000001,0.6413722143754287,0.5795555555555555,0.5824293719806763
0.467005076142132,0.6476857440683943,0.5866311111111112,0.6331998623512645,0.5885185185185184,0.5903449275362319
0.4517766497461929,0.6219171560616624,0.5821333333333334,0.5905996913765561,0.5820592592592593,0.5827415942028986
0.4416243654822335,0.6286228012853555,0.5832266666666667,0.6343622279658171,0.5825481481481481,0.5792378568291612
0.467005076142132,0.6556684147208816,0.5866577777777778,0.6276524891992142,0.5878074074074073,0.5881893719806763
0.5482233502538071,0.6259689680072993,0.5828888888888888,0.6329037883566547,0.5836592592592592,0.5756262962962964
0.4416243654822335,0.6263452661534927,0.5834755555555556,0.6311980008610205,0.5845037037037036,0.5849045234958279
0.4873096446700508,0.6189647786497083,0.5864355555555556,0.6333206613104462,0.5851999999999999,0.5826971497584541
0.4517766497461929,0.6231386739013535,0.5812266666666667,0.6299923721140757,0.5835259259259259,0.5877449275362319
0.3705583756345177,0.6414493022547498,0.5822400000000001,0.6368128582274066,0.5824592592592592,0.5817193719806764
0.3908629441624365,0.6474700456440097,0.5843022222222223,0.6121059227490255,0.5852888888888889,0.5857227053140097
0.482233502538071,0.6542177262617506,0.5857955555555556,0.6802915870814823,0.5833333333333333,0.5855193719806764
0.4568527918781725,0.6254310194888563,0.5824444444444445,0.6033516043014304,0.5853037037037037,0.588456038647343
0.4467005076142132,0.6249072042402221,0.5801155555555556,0.6290846002241955,0.5767555555555555,0.5768082608695653
0.5228426395939086,0.6531935122724477,0.5845333333333335,0.6206597418647379,0.5815555555555556,0.5910338164251208
0.4416243654822335,0.5841649511324325,0.5808622222222224,0.6027727348785251,0.5820888888888889,0.5827923349436392
0.4923857868020304,0.6347870147960026,0.5889066666666668,0.6375268569650846,0.5845333333333333,0.5863555555555555
0.416243654822335,0.5982045993330376,0.5794133333333333,0.6277890219666569,0.5763259259259259,0.5762071497584541
0.4568527918781725,0.6212760167541366,0.5776266666666667,0.5745611238703303,0.5781333333333334,0.5806338164251208
0.4619289340101523,0.6056151212107468,0.5761511111111111,0.5928321068089483,0.5741037037037038,0.5797893719806764
0.5532994923857868,0.5856797451699798,0.5774933333333334,0.5805655771577003,0.577925925925926,0.5770666666666666
0.4873096446700508,0.5850259376932941,0.6021866666666668,0.5035701961945975,0.5976740740740741,0.6081333333333333
0.4111675126903553,0.6557768157464047,0.588008888888889,0.6277560032523951,0.5895111111111111,0.5811227053140097
0.4467005076142132,0.648331152604471,0.5929244444444446,0.6330320338482691,0.593437037037037,0.587656038647343
0.5076142131979695,0.6102687673198806,0.5797333333333334,0.6375968320859712,0.581111111111111,0.5783893719806763
0.5380710659898477,0.5836387209410803,0.5989155555555556,0.6285560325938668,0.5973333333333333,0.6023999999999999
0.5634517766497462,0.6214609444269173,0.5807377777777778,0.6382586732696337,0.5796592592592592,0.5814699580612624
0.4720812182741117,0.6429987114717912,0.5831022222222223,0.663889907686578,0.5807407407407407,0.582674927536232
0.583756345177665,0.6367215104168003,0.5849866666666668,0.6611364841747913,0.5854814814814814,0.5776971497584541
0.5532994923857868,0.635206487797497,0.5897333333333333,0.6494841471505028,0.586474074074074,0.5914620992534037
0.5076142131979695,0.6133241431546719,0.5742133333333334,0.6236294951832725,0.5744592592592592,0.5741734989648033
0.5076142131979695,0.6208818391398968,0.5814844444444446,0.6616296256424163,0.5785037037037037,0.579602021553326
0.467005076142132,0.6033182701906061,0.5737333333333333,0.6445584346586919,0.5744740740740741,0.5757404830917874
0.4111675126903553,0.607434429949198,0.5791466666666667,0.5840169005684834,0.5810814814814815,0.5705415942028985
0.3959390862944162,0.6102927710148189,0.58008,0.6287376666732882,0.5782518518518519,0.5769849275362319
0.416243654822335,0.6517654106629315,0.5825511111111111,0.6600840631764875,0.5818962962962962,0.5818293719806763
0.4517766497461929,0.5912249317109429,0.5792,0.5973503377839228,0.5831259259259258,0.5832293719806763
0.4568527918781725,0.645544089724332,0.5833333333333334,0.6222376374085978,0.5884296296296295,0.5834304830917875
0.4010152284263959,0.6474782144445494,0.5799555555555556,0.6111800567589601,0.5834962962962962,0.5791004830917874
0.467005076142132,0.6424260828048269,0.5793955555555557,0.6297401902075551,0.5806814814814815,0.5816338164251208
0.4213197969543147,0.6078231883881313,0.5726222222222223,0.6237841077455002,0.5735111111111111,0.5781175771088815
0.4010152284263959,0.606909126951846,0.5805066666666667,0.5956533508610891,0.5828296296296296,0.5851671497584541
0.4923857868020304,0.6444300376215085,0.5850666666666667,0.6005451770711221,0.5826370370370371,0.5920444444444445
0.4365482233502538,0.6314736668953186,0.5844,0.5995788269113349,0.5846962962962963,0.5828738164251208
0.5532994923857868,0.6070871816797655,0.5821511111111111,0.6349716003753311,0.5809432098765431,0.5859969696969697
0.4568527918781725,0.6319130258618381,0.5832088888888889,0.6252462504525798,0.5821925925925926,0.5825627053140097
0.3401015228426396,0.6176692506471309,0.5780266666666667,0.6051451878944134,0.5760148148148149,0.5733068322981366
0.4619289340101523,0.6335512063219505,0.5820000000000001,0.6143658797218141,0.5830962962962962,0.5801449275362319
0.365482233502538,0.6298315366912612,0.5755733333333334,0.6294250037840665,0.5746814814814816,0.5707290545203589
0.4873096446700508,0.6080932832533285,0.5809066666666667,0.615787804745627,0.5766222222222221,0.5754134989648033
0.4517766497461929,0.6304045839241128,0.5766577777777778,0.6281697124122739,0.573925925925926,0.5734317040930085
0.4517766497461929,0.6026533864349941,0.5759466666666667,0.6166848535974011,0.5782962962962963,0.5723290545203589
0.4923857868020304,0.6168813168671182,0.5754488888888889,0.5951837421304893,0.5741037037037037,0.5744782608695652
0.5076142131979695,0.6321909177562848,0.5806044444444446,0.6180886358000587,0.5791703703703703,0.5749638164251207
0.4720812182741117,0.5990859594440614,0.5801333333333334,0.6332733331630213,0.5829629629629629,0.5780971497584542
0.4619289340101523,0.6133165005931351,0.5772444444444446,0.6640051300303635,0.5741481481481482,0.5771809104422148
0.4720812182741117,0.608149963295771,0.5771911111111112,0.6597675776968488,0.5778962962962964,0.5810527053140097
0.4263959390862944,0.6168881148055982,0.5891644444444446,0.5895542872639967,0.599037037037037,0.5994507877293502
0.5380710659898477,0.6356257088341487,0.5891733333333334,0.6247534594630718,0.5889481481481481,0.591496038647343
0.6091370558375635,0.5931573641142323,0.5764355555555556,0.6146843892060612,0.5785185185185184,0.5858967793880837
0.4314720812182741,0.6115505398125285,0.5843911111111112,0.6219329944645331,0.5811851851851851,0.5870749275362319
0.3908629441624365,0.611917328888341,0.5836266666666667,0.6633238259534399,0.5856888888888888,0.5905991308092724
0.4568527918781725,0.6283364629025641,0.5905333333333334,0.6377007575814087,0.5926222222222223,0.5899966666666667
0.5329949238578681,0.6067114374971386,0.5896444444444444,0.6000406756348149,0.5894518518518519,0.5906060606060606
0.4619289340101523,0.5932513910039873,0.5822044444444445,0.6541031953355165,0.5816592592592592,0.5868472844385888
0.3553299492385787,0.6278144257377933,0.5805511111111111,0.6442889710253322,0.582237037037037,0.581674927536232
0.5025380710659898,0.6153874919778558,0.5845422222222223,0.6045838719517797,0.5872444444444445,0.5854527053140097
0.4720812182741117,0.6291128866527892,0.5865422222222223,0.6032616204708912,0.587037037037037,0.5866527053140097
0.5634517766497462,0.5938681054961529,0.5863911111111111,0.6360104256569132,0.5837925925925926,0.5769111111111112
0.5279187817258884,0.624135572809683,0.5846311111111112,0.6532976569975968,0.5841037037037037,0.580986038647343
0.4365482233502538,0.6067412236746502,0.5823288888888889,0.6257637832553303,0.5830814814814814,0.586674927536232
0.4568527918781725,0.6267257395411986,0.5852,0.62205397175249,0.5865037037037037,0.5872115942028986
0.4771573604060913,0.6539398915321236,0.5840266666666667,0.64499923932928,0.5844888888888888,0.5941844444444445
0.4873096446700508,0.6272608704675076,0.5938222222222223,0.6965933269741575,0.5916444444444444,0.5986188888888888
0.5025380710659898,0.6060208096557965,0.5939200000000001,0.6622956613564047,0.5918074074074073,0.5936077777777777
0.3604060913705584,0.610933415772032,0.5844533333333334,0.669156257229067,0.5831111111111111,0.5842082608695652
0.4974619289340101,0.5809290938800038,0.5890933333333334,0.5970917759339553,0.5845629629629631,0.5886288888888889
0.4568527918781725,0.5994571992013907,0.5914133333333335,0.6143733931898,0.5892740740740741,0.597250505050505
0.4467005076142132,0.6008874403720135,0.5866222222222223,0.6220707381532903,0.5864493827160494,0.5916282828282828
0.4873096446700508,0.5755689085318888,0.5858844444444444,0.5712116999541866,0.5826222222222223,0.5880843214756258
0.4314720812182741,0.594992668752016,0.5823466666666668,0.5962941272930642,0.581274074074074,0.581096038647343
0.4720812182741117,0.5964978469014746,0.5875911111111112,0.6368242329814112,0.5889382716049383,0.5856855555555556
0.4111675126903553,0.6078404143385578,0.5816000000000001,0.6045602777599588,0.5797185185185185,0.5793182608695653
0.5126903553299492,0.6172663059555177,0.5851466666666667,0.6083271883852006,0.5867703703703703,0.5885449275362319
0.5380710659898477,0.6002406236659278,0.5815822222222223,0.6145639131421597,0.580562962962963,0.5843193719806764
0.5177664974619289,0.6300904799102822,0.5911733333333334,0.6063212938276326,0.5914222222222222,0.599019001610306
0.467005076142132,0.6099080486670154,0.5892355555555556,0.6122624646892214,0.5874074074074074,0.5877193719806764
0.4467005076142132,0.5914823698239831,0.5840088888888889,0.583352111398239,0.5807555555555556,0.5805182608695653
0.365482233502538,0.595291815005002,0.5795377777777778,0.6102556480304643,0.5753925925925926,0.5817745571658616
0.5025380710659898,0.6114102488531293,0.5858933333333334,0.6605427176722913,0.5861851851851851,0.583986038647343
0.4365482233502538,0.5913589110784001,0.5842488888888889,0.5881539108039515,0.5846666666666667,0.585986038647343
0.4467005076142132,0.6068970442296383,0.5844533333333335,0.607231095261852,0.5821111111111111,0.5850971497584542
0.4010152284263959,0.5935311582415904,0.5849955555555557,0.6167373276875971,0.5867555555555555,0.5868738164251208
0.3756345177664975,0.6027591740864097,0.578,0.5721054710102976,0.5810666666666666,0.5776368322981367
0.482233502538071,0.6257381304671296,0.5819644444444445,0.6365480840565887,0.5856,0.5844749275362319
0.3705583756345177,0.6431224736536221,0.5804355555555556,0.6139114660143291,0.5833777777777778,0.5766782608695652
0.5076142131979695,0.6341723738826981,0.58712,0.622556537187699,0.5895703703703703,0.5955523809523809
0.3705583756345177,0.6504974095814037,0.5825333333333333,0.6215691356908011,0.5848444444444444,0.596359595959596
0.5634517766497462,0.653185127309925,0.5993511111111112,0.6101471936729227,0.5971555555555556,0.5929777777777778
0.5482233502538071,0.6450362560534824,0.5813955555555557,0.6200349694199222,0.5837037037037036,0.5824115942028986
0.4111675126903553,0.6424058665543421,0.583528888888889,0.6159064272424009,0.5879555555555555,0.5862782608695652
0.4771573604060913,0.5841206565008266,0.5911200000000001,0.6263894490184028,0.5955851851851851,0.5980966666666666
0.4619289340101523,0.6510581961772292,0.5934844444444446,0.5931784260501887,0.5987703703703703,0.6033777777777778
0.5025380710659898,0.6075267472727488,0.5846311111111112,0.6362731313397233,0.5851703703703703,0.5814522222222223
0.5939086294416244,0.6721904067290998,0.6027200000000001,0.6212590246169072,0.6021777777777777,0.6040412698412698
0.5177664974619289,0.6404687543273095,0.5929066666666667,0.6438397775831669,0.5972,0.6012633333333333
0.4568527918781725,0.5994838798225609,0.5846044444444445,0.638777136244436,0.5873333333333333,0.5976296296296296
0.4720812182741117,0.609632630029354,0.5808088888888889,0.5996934070721734,0.5852592592592593,0.5917004830917875
0.4416243654822335,0.5939527517690695,0.5791733333333333,0.6011940560893919,0.5805925925925925,0.5860266666666667
0.4619289340101523,0.6204221200310545,0.58456,0.6373332553955169,0.5855851851851851,0.5911079365079366
0.5380710659898477,0.6128308060868977,0.5856888888888889,0.6448042928703657,0.5878518518518518,0.5934338164251208
0.5076142131979695,0.623684044661305,0.596488888888889,0.6314399846293561,0.5937925925925925,0.5954111111111111
0.4111675126903553,0.5886686782810636,0.5799911111111111,0.6382465660476764,0.5808888888888889,0.5823227053140096
0.4060913705583756,0.6145779347019669,0.5804088888888889,0.6213357831656561,0.5825037037037036,0.5746115942028985
0.4263959390862944,0.6319202198791112,0.5862666666666667,0.6177915214492385,0.5875555555555555,0.5851893719806763
0.4416243654822335,0.5795689955806249,0.5755288888888889,0.628920290831001,0.5750370370370369,0.5712920215533259
0.4010152284263959,0.62875221723126,0.5844266666666668,0.6105368825930484,0.5866962962962963,0.5817004830917875
0.482233502538071,0.6241709787172872,0.5884266666666668,0.627774657110576,0.5923703703703702,0.595180909090909
0.4213197969543147,0.614776877830958,0.5841777777777778,0.6755411929371521,0.5865185185185184,0.5933893719806763
0.4517766497461929,0.6297570774457637,0.5922577777777779,0.6407317308636706,0.5941925925925926,0.5957407936507937
0.5177664974619289,0.5945394097329421,0.5801955555555556,0.6269113323980277,0.5787259259259259,0.582056038647343
0.467005076142132,0.6199591465460925,0.5868266666666668,0.6485534912858821,0.5865333333333332,0.5887671497584541
0.4619289340101523,0.6353961085310534,0.5804444444444445,0.6644491372701562,0.5803999999999999,0.5883301127214171
0.4720812182741117,0.6151397028095745,0.579768888888889,0.6224800770490612,0.5789333333333333,0.5767893719806764
0.5228426395939086,0.6196286085365487,0.5907377777777779,0.6670015782520069,0.5938962962962963,0.5897193719806764
0.4923857868020304,0.6248624896053815,0.5938844444444445,0.6033431648458496,0.5978222222222221,0.5944888888888888
0.3604060913705584,0.6019959531338742,0.5776177777777778,0.6404660610304176,0.5778962962962962,0.5799597423510466
0.5532994923857868,0.6367716409471014,0.5915822222222222,0.6082264599560747,0.5888888888888888,0.5941575757575758
0.5431472081218274,0.5998902708311458,0.5835555555555555,0.657125703155862,0.5810814814814814,0.58013
0.4923857868020304,0.6013155372897925,0.5835466666666667,0.6045814623652452,0.5851407407407406,0.5882515942028985
0.5228426395939086,0.6083484353192598,0.5938044444444446,0.580858234944958,0.5928592592592592,0.5979401069518716
0.5583756345177665,0.6072154471394887,0.5876355555555557,0.6046771625015045,0.5880888888888888,0.6020080808080808
0.5126903553299492,0.5876620620629982,0.5809066666666667,0.5641043401475355,0.5811703703703703,0.580944927536232
0.5583756345177665,0.6288130308750728,0.589528888888889,0.6233156958836723,0.5900444444444445,0.5917766666666666
0.4619289340101523,0.5786656793634862,0.5781422222222223,0.6097062109658462,0.5782962962962963,0.5772156682769727
0.4974619289340101,0.6385624222958088,0.5942222222222223,0.6176228646146165,0.5970518518518518,0.5963059595959596
0.5685279187817259,0.6268030580340886,0.5882577777777778,0.5999563852520828,0.591437037037037,0.587023088023088
0.467005076142132,0.6061470792123583,0.5817955555555556,0.635873833694721,0.5811111111111111,0.5792971497584541
0.4111675126903553,0.5938547238432983,0.5755644444444444,0.6553386807729358,0.5752592592592591,0.5748954271055686
0.4619289340101523,0.5947477741548115,0.5865333333333334,0.6119208953685138,0.5875703703703703,0.5961627053140096
0.5228426395939086,0.6228347122491049,0.5825333333333335,0.636612794707849,0.5805777777777777,0.574256038647343
0.4974619289340101,0.6028514960254208,0.5830844444444444,0.6041289158816355,0.5803555555555555,0.5781077777777778
0.4213197969543147,0.6093390489592928,0.5861600000000001,0.6149083427845965,0.5878222222222222,0.5864431313131313
0.4314720812182741,0.6240261169353949,0.5848444444444445,0.60974318481825,0.5864592592592592,0.5857449275362319
0.4467005076142132,0.623283197063005,0.5827733333333334,0.5931510712824952,0.5830222222222222,0.5794971497584541
0.5177664974619289,0.6211761883049999,0.5840266666666667,0.6139069959432653,0.5815259259259259,0.5752600790513834
0.4517766497461929,0.6012609632407181,0.578728888888889,0.6097534329467692,0.5760148148148148,0.5792293719806764
0.4263959390862944,0.6238156205920942,0.5844711111111112,0.6429647543870983,0.5874962962962963,0.582586038647343
0.4923857868020304,0.58560945367617,0.5896977777777778,0.5840137619594061,0.5935259259259259,0.5916266666666666
0.5583756345177665,0.6201118412674564,0.6046400000000001,0.612538535160365,0.6010074074074074,0.6032740740740741
0.5025380710659898,0.6047036400393966,0.5872800000000001,0.6054554040767833,0.5864148148148148,0.586296038647343
0.4720812182741117,0.6008950171226578,0.5857244444444445,0.6020449914295458,0.5829925925925926,0.5852966666666667
0.5380710659898477,0.6349656196630983,0.5896266666666666,0.6630301368970722,0.5899555555555556,0.5975407407407407
0.5279187817258884,0.5831756109274725,0.5844266666666666,0.6156617977687273,0.581111111111111,0.5885955555555555
0.5380710659898477,0.6056990207232475,0.5913422222222223,0.6242196133178093,0.5857536062378167,0.5915531313131313
0.4619289340101523,0.6097828349560516,0.59144,0.652142849004194,0.5945234567901234,0.5931542424242424
0.4619289340101523,0.615507685746685,0.586471111111111,0.6107753719779101,0.5881086419753085,0.5870971497584541
0.5228426395939086,0.6195187434837707,0.5851911111111111,0.6160644907810572,0.5844647173489279,0.5890067736185384
0.5177664974619289,0.6029802217989737,0.5825066666666667,0.6343041702712174,0.5845086419753086,0.5932188552188552
0.4467005076142132,0.5866046685237488,0.58528,0.6025558990706773,0.5855456790123457,0.5936966666666667
0.4568527918781725,0.6076114179491797,0.58696,0.6193767879285481,0.588198050682261,0.5915941253971945
0.4365482233502538,0.573622414094676,0.5826933333333334,0.5987251321887657,0.5866444444444444,0.5850206065485776
0.4010152284263959,0.5972467866482529,0.5808533333333333,0.5765105954813001,0.5817975308641975,0.589496038647343
0.482233502538071,0.5898482271913634,0.5797511111111112,0.6390187249210594,0.5783851851851851,0.5810071497584541
0.4720812182741117,0.5755650444823905,0.5766222222222223,0.6021873144997738,0.5782296296296295,0.5836687546967257
0.4619289340101523,0.5942268835504292,0.5899822222222223,0.6368224576016716,0.5892350877192982,0.5965171717171718
0.6345177664974619,0.5722010648553222,0.5796444444444444,0.5642945564309266,0.5801037037037037,0.5774222222222222
0.6142131979695431,0.6224509411631479,0.5888800000000002,0.5860747110382618,0.5926869395711502,0.5896077777777777
0.4467005076142132,0.5900708029206202,0.59384,0.6191064814059863,0.5929925925925926,0.5885077777777777
0.4010152284263959,0.5908261812909605,0.5785866666666668,0.6420364325159775,0.5748074074074074,0.5766
0.4974619289340101,0.581236719887584,0.5831377777777779,0.6131303297610605,0.5819925925925925,0.578586038647343
0.482233502538071,0.6212631964656427,0.58384,0.5879837713607796,0.5848592592592592,0.5832738164251208
0.4619289340101523,0.5984226986417938,0.5882133333333334,0.6291424837102684,0.5892296296296297,0.5899838383838384
0.416243654822335,0.6014070716964429,0.5768711111111111,0.6575963214331435,0.5744296296296296,0.574786038647343
0.467005076142132,0.5568284633076261,0.5766222222222223,0.5742495232334497,0.574962962962963,0.5768293719806763
0.4416243654822335,0.6029452552621377,0.5810133333333334,0.6543222904032262,0.5775555555555555,0.5777193719806764
0.4010152284263959,0.576412241777843,0.5778222222222222,0.6081068496602384,0.5741481481481482,0.5799227053140097
0.4517766497461929,0.5883126606344729,0.5813688888888889,0.6388343664602951,0.5802666666666667,0.5850515942028985
0.4467005076142132,0.6367490999540404,0.589288888888889,0.620679966017925,0.5901629629629629,0.5899726495726496
0.6142131979695431,0.6290434239256703,0.5869866666666668,0.6476670501348477,0.5863555555555555,0.5823415942028985
0.4263959390862944,0.6330346507301894,0.5868533333333334,0.6567579540453206,0.5865925925925926,0.5908749275362319
0.4923857868020304,0.6071184475341773,0.5815822222222222,0.6471598977870128,0.5788740740740741,0.5809182608695652
0.4974619289340101,0.5999995558956299,0.5788355555555555,0.6489367972954266,0.5726814814814815,0.5746115942028985
0.5228426395939086,0.6024377477449584,0.5899466666666668,0.6338151813990345,0.587916049382716,0.589559595959596
0.5532994923857868,0.615267180475858,0.5860444444444446,0.6377867106225567,0.584474074074074,0.5858156682769726
0.5380710659898477,0.6505906846969283,0.5888,0.628743983269622,0.5907999999999999,0.5965893719806763
0.5076142131979695,0.61128590012934,0.5895822222222222,0.5867412057396513,0.5896296296296296,0.5860222222222222
0.4467005076142132,0.6124884600313739,0.5818844444444445,0.6310345782340605,0.583674074074074,0.5793761621041331
0.5177664974619289,0.6237093373955224,0.5839555555555557,0.6313220875849919,0.5809777777777778,0.5900000000000001
0.5685279187817259,0.619762508213341,0.58664,0.6576415919675195,0.5837481481481481,0.5851732103645148
0.4720812182741117,0.6124966861340293,0.5916711111111111,0.64531775133162,0.5898962962962964,0.5923393939393939
0.416243654822335,0.5547460095026733,0.5834666666666667,0.6476164168546843,0.5805481481481481,0.5822949494949495
0.4314720812182741,0.5963106285541081,0.5866222222222222,0.5954230132815571,0.5873185185185185,0.5906714200831847
0.4771573604060913,0.6084563560260969,0.5826755555555556,0.6600646927568286,0.5846666666666667,0.5820971497584541
0.5228426395939086,0.5916362175585528,0.5807111111111112,0.6001725651305118,0.5815407407407407,0.5847245791245791
0.467005076142132,0.6088326603058869,0.5816800000000001,0.6065566320398109,0.5819012345679012,0.5854338164251208
0.4517766497461929,0.5797210417022396,0.57616,0.6012949480847127,0.5768222222222222,0.5776293719806763
0.4517766497461929,0.6093656408348206,0.5855733333333333,0.6246750277617729,0.5872814814814814,0.5780527053140097
0.3857868020304568,0.6109269311709847,0.5836977777777778,0.6153155759794393,0.5905679012345678,0.5862082608695652
0.4568527918781725,0.6107021877278032,0.577608888888889,0.6185012161774034,0.5812814814814814,0.5805193719806763
0.467005076142132,0.5945793152386176,0.5735288888888889,0.6077203755603278,0.5717481481481481,0.5722749275362319
0.416243654822335,0.6338345826577403,0.5879822222222223,0.5996814280205529,0.589437037037037,0.5933333333333334
0.3908629441624365,0.6174272819797,0.5838933333333334,0.6421127000622949,0.5842518518518518,0.579386038647343
0.3807106598984771,0.592357252548559,0.5772622222222222,0.6452870416896932,0.578562962962963,0.5791111111111111
0.4467005076142132,0.6231295806546998,0.5874488888888889,0.629730633400722,0.5890666666666666,0.5839373737373738
0.4720812182741117,0.6085928577195927,0.5849244444444446,0.6102397774538575,0.5848444444444445,0.5830515942028986
0.416243654822335,0.5940877763786486,0.5789422222222222,0.6176799866704128,0.5780148148148148,0.5787627053140096
0.5431472081218274,0.6187059936601651,0.5879733333333335,0.6336970778485023,0.5884148148148148,0.5864738164251208
0.583756345177665,0.6337422842538768,0.5905333333333334,0.6561474836237989,0.5949777777777777,0.5948060606060606
0.5786802030456852,0.6481520571617672,0.5934755555555556,0.622748884082322,0.5911407407407406,0.5923449275362319
0.5431472081218274,0.6127193473866215,0.584728888888889,0.6507101277475216,0.5860148148148148,0.5818749275362318
0.4314720812182741,0.6032864494533444,0.586488888888889,0.6282596056658232,0.5829925925925925,0.5799045234958279
0.4619289340101523,0.655325728273977,0.6048533333333335,0.631077297803608,0.6073481481481482,0.6026072098765431
0.4467005076142132,0.6238726452406872,0.5863733333333334,0.6184121915874591,0.5872592592592593,0.5829777777777777
0.3857868020304568,0.612080714165807,0.5800622222222223,0.6063704576741018,0.578474074074074,0.5786188888888889
0.4416243654822335,0.6261632480487795,0.5815644444444446,0.6637153145616826,0.5799407407407408,0.5783333333333334
0.5279187817258884,0.6229367548897186,0.5811022222222223,0.6753245470982085,0.5777333333333333,0.580615634606939
0.4619289340101523,0.6066895070762295,0.585128888888889,0.6562761726547003,0.5806962962962963,0.5770782608695653
0.5532994923857868,0.6185894037379702,0.5895555555555556,0.6365343964132889,0.5912493827160493,0.5957825311942959
0.4416243654822335,0.5892578571704369,0.5829066666666668,0.6602652306090147,0.5791703703703703,0.5798
0.4467005076142132,0.6166491126983514,0.5865155555555556,0.6451269678086443,0.5881382716049383,0.5832971497584541
0.4619289340101523,0.603759381821039,0.5812888888888889,0.6374080789124665,0.5812197530864197,0.5771638164251207
0.4010152284263959,0.6095114437307289,0.581608888888889,0.6465819242693168,0.5811703703703703,0.5794304830917875
0.416243654822335,0.5945119437946083,0.5815555555555557,0.6145356256597782,0.5776,0.5837893719806764
0.4517766497461929,0.598318474869539,0.6032177777777777,0.6175432074278377,0.6007851851851853,0.6092888888888889
0.3857868020304568,0.6163741250757802,0.5766133333333334,0.6336023093470065,0.5753037037037038,0.5778782608695652
0.4111675126903553,0.5813998532885946,0.5727022222222222,0.554932361227824,0.5778074074074073,0.5821004830917874
0.4213197969543147,0.6069635940353786,0.5733333333333333,0.6084496513660896,0.5749629629629629,0.5749893719806763
0.4365482233502538,0.612561071552351,0.5776266666666666,0.6596181757363606,0.579274074074074,0.5814515942028986
0.5177664974619289,0.6091051381956166,0.58296,0.6279166571092374,0.5800444444444444,0.5914620992534037
0.4517766497461929,0.573281412376639,0.5836711111111111,0.5998427454407891,0.5828888888888888,0.5863733333333334
0.4771573604060913,0.5731044392900974,0.5851022222222224,0.6181333173007435,0.5806666666666667,0.5881732103645148
0.467005076142132,0.592910044962562,0.5731466666666667,0.600977358149228,0.5736592592592593,0.5788115942028985
0.4111675126903553,0.6140311609528724,0.5880444444444445,0.6035600195116589,0.5865333333333332,0.5899888888888889
0.4720812182741117,0.6312290716084861,0.5919200000000001,0.6408711261846336,0.5955407407407407,0.591946640085061
0.5025380710659898,0.6276665989084909,0.5846044444444445,0.6251691634443258,0.5889703703703704,0.587111769641495
0.5583756345177665,0.6226889219975777,0.5877688888888889,0.6104451004792044,0.5942962962962962,0.5903353535353535
0.467005076142132,0.6239747264183758,0.5893955555555557,0.6095291389767259,0.5892049382716049,0.5905397423510467
0.4517766497461929,0.6138868276280106,0.6003911111111112,0.6563777204799089,0.6036444444444445,0.5979320261437908
0.4467005076142132,0.6127218391048119,0.5848088888888889,0.6265794956975704,0.5836814814814815,0.5870808197921241
0.4517766497461929,0.6005379382993798,0.5757955555555556,0.6058435108066617,0.5778222222222221,0.5861819645732689
0.4111675126903553,0.6044404627610457,0.5843022222222223,0.6090716926335983,0.5894518518518518,0.5915777777777778
0.4923857868020304,0.6029454542865665,0.5853422222222223,0.6099132396845564,0.5853703703703703,0.5871444444444445
0.4568527918781725,0.6004119916883941,0.5841866666666667,0.6247817863897763,0.5863333333333333,0.5826749275362318
0.3756345177664975,0.5907233106112003,0.58352,0.6147240317345097,0.5872370370370369,0.5847243102522812
0.4213197969543147,0.6053619946509541,0.5783733333333334,0.5841534738920121,0.585111111111111,0.5792049382716049
0.5532994923857868,0.6114863846172865,0.5794666666666668,0.6383096783959022,0.5781407407407407,0.5751004830917874
0.5025380710659898,0.5684634373215234,0.5742311111111111,0.6058671011371556,0.5720148148148149,0.5738338164251208
0.4213197969543147,0.5705489467082276,0.5748800000000001,0.5776714712662089,0.5728444444444445,0.5747627053140096
0.4314720812182741,0.5676821961847829,0.5792711111111111,0.5618158628256451,0.5799259259259258,0.5776444444444444
0.3756345177664975,0.60264040560843,0.5843822222222222,0.5925518736919312,0.5854814814814814,0.5889782608695652
0.3807106598984771,0.6261498733749876,0.5817422222222223,0.627487119294331,0.5850518518518518,0.5873527053140096
0.5025380710659898,0.5919739703551484,0.5816622222222223,0.5879401126137948,0.5825777777777777,0.5827849275362319
0.5076142131979695,0.6106438892433559,0.5867377777777779,0.5964633349098726,0.5916222222222222,0.5872304830917875
0.4873096446700508,0.6071723386841724,0.5861244444444444,0.6099333498516488,0.5852962962962962,0.5893732103645147
0.4467005076142132,0.592288968420865,0.5870755555555556,0.5349687572843081,0.5926962962962963,0.5981418972332015
0.4517766497461929,0.6021769429541108,0.5812177777777777,0.5720906130108937,0.5805037037037036,0.5839293719806763
0.4771573604060913,0.5964663605937729,0.581768888888889,0.5790476113810447,0.5830296296296296,0.5862849275362318
0.4771573604060913,0.5905303031297116,0.5855111111111112,0.6097724299275713,0.5855925925925926,0.5873515942028985
0.4720812182741117,0.5849314530530008,0.5746844444444444,0.5864307487871084,0.5759629629629629,0.5840404830917874
0.3756345177664975,0.5791308100486052,0.5771822222222223,0.6001963462037011,0.5759851851851852,0.5802634460547504
0.4111675126903553,0.597884448441596,0.5802933333333334,0.6166772188421977,0.5804222222222222,0.5789671497584541
0.4619289340101523,0.585632632333632,0.5823733333333334,0.6031137999509003,0.5796148148148148,0.5831404830917875
0.4263959390862944,0.5767675929051128,0.5760355555555555,0.5945764228402408,0.5753481481481482,0.5799523349436393
0.467005076142132,0.590204283432235,0.57896,0.6249500486739346,0.577362962962963,0.5794115942028986
0.583756345177665,0.6033049760677993,0.587208888888889,0.5952158099745268,0.5904888888888888,0.5911004830917874
0.4619289340101523,0.5866101833564457,0.5809866666666668,0.591360822056263,0.5807555555555555,0.579656038647343
0.4619289340101523,0.5814283767968474,0.5778311111111111,0.598253663550175,0.5752296296296295,0.5795671497584541
0.4263959390862944,0.5910606194794554,0.5742577777777778,0.6191612500214285,0.5705333333333333,0.5774338164251208
0.467005076142132,0.5896664050903391,0.5774844444444445,0.6090760092456485,0.5770962962962962,0.5848893719806764
0.4517766497461929,0.6042906458775168,0.5865422222222223,0.5982902960297788,0.5884296296296296,0.5875039918637173
0.5431472081218274,0.615757859849033,0.5886222222222224,0.6393527182101587,0.5952037037037037,0.5918200412464333
0.5228426395939086,0.6298721026939357,0.5885155555555557,0.629494595206729,0.5944444444444444,0.5904097309941521
